1001,1.1616123637,1.3258317587,0.9972679802,1.4174928618,1.3342650641,0.5690639556
1002,1.5509711298,-0.7761393354,0.159061588,-0.4430053315,-1.202074987,0.394773631
1003,0.5089478945,1.6887762559,1.2490509986,0.5837364786,1.5704346353,1.3771347207
1004,0.5336755739,0.2952321548,0.0633630406,0.4319423377,1.3432500793,0.0518522798
1005,0.3549953924,0.1959272275,1.9565221513,2.1241742984,0.6878057117,0.8000539247
1006,0.0593833705,0.8154363335,-0.2087586842,-0.024971502,-0.0373559077,0.6779270274
1007,0.1195911054,0.6789556844,1.883857926,0.0482402763,2.1422359374,2.1163904154
1008,0.5676680172,2.075270482,2.0810248942,0.4159210006,1.8510121218,-0.4291150461
1009,0.8216543416,0.3715884745,1.401370998,-0.4324074826,3.4488902648,1.6422383203
1010,1.7329945423,0.7938518927,1.6443270753,1.7317233605,-0.9752654686,-1.2640280639
1011,1.974415567,1.850506044,0.0886137636,1.6220284963,0.2740478428,2.6874497078
1012,-0.3059520809,1.1620760707,0.8688157297,1.7863629174,0.1649226555,-0.2906497002
1013,1.1620262744,1.0934555906,-0.2493203004,0.6239462797,2.0015296016,2.278933437
1014,1.2172805008,4.0354661503,1.0314305733,1.1177920362,0.151573275,0.6835940917
1015,1.0941605818,-0.4146264912,0.4681492664,-0.4194903685,1.6112682386,-0.0840648536
1016,0.5486109317,-1.0204463205,0.4958885084,0.1420386767,1.710101214,1.3125852363
1017,-0.9596118518,-0.9264228335,0.7051911569,1.6738101478,0.8910334936,2.2652217084
1018,2.3410292877,-0.5943437759,-0.5096349504,1.0282840281,0.1522481035,1.0423991001
1019,0.457689621,0.082507888,0.6746420672,-1.2840209562,1.6041653501,0.8749792098
1020,8.38371346378874 * 10^-5,-0.5836636992,0.5032323576,-0.003045913,1.0938711819,2.4738205718
1021,0.9161423349,1.1066593581,-0.0265918174,1.637148729,1.9088709129,0.6544576235
1022,-0.0909093306,2.8169920564,0.0678711209,1.9783105392,0.5502722679,0.2908352869
1023,0.1042583126,2.2638197024,1.4227425775,0.8839832865,1.8377575586,0.6332282235
1024,0.9148561824,1.332455285,0.6159166826,1.9808957706,0.4842027948,0.5512573824
1025,1.2545068894,2.165598318,1.0395254446,2.4026841709,0.260769641,0.7800290732
1026,0.8296302661,0.1978027282,0.3906415128,1.6354353206,2.3032092743,-0.0410147141
1027,1.749032031,2.9493425106,1.0319368351,2.181583576,0.7106589069,0.1292038946
1028,-0.3914355869,0.6642757444,0.6168469977,1.7934768814,1.3802202445,1.766230709
1029,-0.2801786215,0.7490851053,1.8683377539,-0.9839416476,2.879614004,1.3787546514
1030,-0.0255251621,2.7290720077,1.3597108026,1.1814825571,1.6793757217,1.095906185
1031,-0.041742015,1.1002045279,0.8063962946,1.6379344137,1.2880505007,1.224696869
1032,1.9789620857,0.6093434222,1.6986036484,0.7438421837,0.8259221264,-1.4035240717
1033,2.1951142963,-0.95570991,1.9116813038,1.8274415632,-0.0809434863,0.8376816899
1034,1.0117483474,-0.6057727407,1.0898345033,1.8425589466,-0.2944100905,0.5151655523
1035,0.9935857621,-0.373239089,0.4404319325,1.8303117118,1.041975087,1.4342831209
1036,0.8581228147,-0.8931141516,-0.5038998245,0.7646429257,0.9597075739,1.4716846405
1037,1.3849990883,1.0088346226,-0.5528631729,0.6894389497,1.9085415784,2.1849400156
1038,0.0774586293,2.9743151773,0.1529508958,0.0641940496,0.3971946645,-1.5314180791
1039,0.6005063523,0.072667108,2.1137380124,1.3785660459,0.7848247454,0.6211149119
1040,0.1824874202,1.9119235503,2.2271574371,0.5140989531,1.4997290806,1.8008919273
1041,0.0756799401,2.8794869087,0.9495129943,3.205652935,-0.1745823709,0.4240311974
1042,2.3314031527,0.3653764381,3.4231674325,1.0337465482,2.2597042861,1.7658365837
1043,0.9793932301,2.9007436519,-0.0503234842,-0.030299942,0.1779963736,-0.1130289381
1044,0.6947317581,1.0223506096,0.624966095,1.6238571148,1.2080849876,0.658715737
1045,0.7700845009,1.1845275076,-0.0045215434,-0.227017322,1.5919962394,1.0557018451
1046,0.6084025477,2.4720203837,1.256741821,1.439440835,1.251338538,-0.6447802594
1047,2.6554934769,0.8965507427,0.3086207192,-0.0820338769,2.0099090781,1.2983583034
1048,0.0527304169,0.48974887,2.1871168679,0.6596383819,0.0995026185,1.183744091
1049,0.5486181723,2.6538244237,1.5281233199,0.6806086962,2.695337968,0.5123531857
1050,0.4343336215,1.9565649163,2.2515003145,1.5090858257,1.1666176907,1.489364118
1051,2.1883964741,2.7255851838,0.9690127628,1.5254368504,-1.1782772039,2.155615899
1052,1.6811117031,0.3650846488,2.2490897706,0.2430415513,2.3692388412,-0.4712528778
1053,-0.0206564223,2.3019794913,2.5619781831,2.8523222862,1.1137009906,1.7326782069
1054,1.6126779354,-0.2091682954,1.4289901728,1.64434119,1.2299821869,-0.0307061065
1055,-0.9384651273,1.4422282347,1.1694872938,1.9466110729,0.3092788092,0.5813314569
1056,0.5280328125,1.8468503674,-1.2556273016,0.697639893,-1.1362771626,2.955549911
1057,0.7512502333,2.3537447322,-0.0191886976,-0.9590433512,1.4424611198,1.6365427579
1058,2.1548345668,1.6273046327,2.3519588325,0.3445073882,2.150611194,-0.3580110068
1059,0.8239392367,-0.3022830913,0.2221049079,1.359362586,-0.0982787532,1.4945366187
1060,-0.3950790103,0.886242861,1.9635170361,0.4810241742,2.1751852195,1.2160599798
1061,1.5894708508,0.7466508246,1.42017407,0.1864892342,0.047796696,0.2510024222
1062,0.4998025362,0.4722811376,2.4086116291,-1.0219251746,-0.0285337275,0.4387163585
1063,1.6207963732,1.1105303538,1.1307035877,1.9268932776,1.467838998,2.0307404686
1064,1.2817203363,1.4522516801,1.6983359405,2.4322369696,0.9278958623,3.2682527498
1065,1.6472607505,1.710964715,-0.8940886353,0.7795033787,1.5660000354,0.2713176419
1066,0.5774654535,1.5834507285,2.1395290163,-1.1521151442,0.8852503035,1.1660555496
1067,0.0906050919,0.386035271,-0.1624614245,0.355406787,2.0869386571,0.2852295803
1068,2.8281791506,2.0943932946,2.0586885076,-0.8905962573,1.8487387428,0.8025780886
1069,-0.4431829203,-0.059014504,0.5375695749,1.2226404128,2.2152961673,2.086686321
1070,2.3890678723,1.2856808618,1.0392959367,-0.1357115802,0.53186448,1.2722346624
1071,0.5746454209,2.5151106584,0.2896601607,2.9409658273,-0.0380820972,1.730011933
1072,1.4022531478,1.1561172795,2.2129843021,0.1414610444,0.5576911627,1.6347030847
1073,1.5883059895,2.314733077,0.8028034672,1.2472768377,0.8447524067,1.3242514683
1074,3.0899068166,-0.7258045717,1.9275078464,0.6409298188,1.665224486,0.4785236423
1075,1.8346782575,1.3536729683,1.6448180515,2.1914411699,1.4266093244,-0.2935170744
1076,0.6193223126,2.0148998597,0.9388176141,1.0342707012,1.8994056419,1.6615682543
1077,0.2058847385,0.5021161327,0.4892569486,1.3322301805,0.0447284621,1.8889914258
1078,2.1458485422,-0.4985118161,-1.925878264,-0.4708311538,0.2398707891,-0.0055159829
1079,0.7867079921,3.215696286,1.8412190234,2.3948153953,0.9324373311,0.8488333971
1080,0.9753249781,1.5759615528,1.689555668,1.5079106405,0.1930469434,2.4665253925
1081,-0.5933302048,0.1056873995,0.6327744876,1.4979955029,0.4042824981,0.8995711248
1082,0.9865803054,-0.0483518655,0.8341684057,0.9495263834,0.0476405774,0.7346339669
1083,3.0611717507,1.2583233954,-0.2558580085,-0.7920421587,1.1178828125,0.9798058021
1084,1.4115683956,1.5226001592,0.4006977691,1.2054360639,0.2944338804,0.578008975
1085,1.8984491154,0.8553878426,1.8498222871,-0.8521359605,0.0156032032,0.0037361403
1086,1.1164233295,1.2394454562,-0.681013502,1.2929680405,0.580539053,-0.3662689173
1087,0.2179483403,1.5559888689,0.1758917999,1.0766152647,1.6106539184,0.0306806239
1088,1.1589286994,0.6707322552,-0.7162858744,2.2155418454,0.7037581294,0.4220798389
1089,2.4702607736,-1.6345893603,0.6838273766,-0.7827794536,-0.3606450205,1.3915467122
1090,1.1782283655,1.2748524239,0.3105093292,2.1316777621,1.8303720338,0.570574372
1091,0.8474385359,1.2903925461,0.1405152535,2.4074080593,0.2398122316,3.2406858007
1092,2.055122597,2.0296142771,0.8542427458,2.4448148655,0.9076249444,0.9050032405
1093,0.147293141,1.0161659833,0.2210022962,0.4691003616,1.1597127271,1.075806386
1094,0.6173345388,1.0098587046,1.7255565233,1.2429493038,-0.709747959,0.7041685706
1095,1.2034068589,1.7784886322,-0.2870145567,0.4492475652,-0.5857436879,0.1145603446
1096,1.5156097213,0.2864609291,-1.0338678221,-0.218725666,0.040736925,2.4969525103
1097,-0.9195881394,-0.1967915231,-0.343232806,-0.2802470994,1.5773663484,-1.055301853
1098,0.9781523828,0.7258774713,1.574752416,0.9233108247,0.0576368992,-0.0290001775
1099,1.4107073678,0.7204945735,0.0066917457,1.8490028852,2.3570929335,2.8176696324
1100,0.7065095274,0.0426026957,2.3469026556,-1.0354131617,0.5369753165,1.4414316054
1101,2.7011060585,-0.6738439107,1.3858019314,2.4217478616,0.5488527382,1.7150696333
1102,1.7890187551,0.5363619504,2.0507375022,1.1910438294,0.0532420369,0.4681407759
1103,2.7281969159,1.1928642271,2.9778191192,-0.465412806,-0.7429864294,0.1893459461
1104,0.5931859588,1.3692718852,1.2207582272,0.4271722806,1.5651790507,1.1990073181
1105,1.5768652726,2.8086960876,-0.1362546396,0.7411674031,0.7542396421,1.6781532141
1106,1.4458633414,0.14826,-0.0719752378,2.1504648093,1.112600204,0.4849225039
1107,0.5495497023,1.55010669,1.5795064151,1.983959151,0.4139507503,1.9423415738
1108,1.8546237376,-0.1924746135,1.0864075983,0.1507185276,2.1831280689,-0.5068092317
1109,1.4383000519,0.5774684189,0.8820528565,1.303153348,1.8986238431,1.8142875315
1110,0.2921510747,1.6143360976,1.9375263511,0.1889227158,2.8230297011,1.2853978262
1111,1.2737275896,0.4004552089,1.2037156122,0.9377986767,0.9202936724,1.2540874736
1112,-0.9741225912,0.9733700602,2.4683733247,2.3779642129,0.4390185674,1.3930804916
1113,0.0428564539,-0.1555262991,1.9441488373,0.2999495999,0.0041197849,0.7118445873
1114,-0.1761629636,0.1895476565,-0.887285848,0.8681814693,1.4521806773,0.4669218682
1115,2.3218064068,-0.491456324,1.7502740099,1.1198947659,1.0790433106,1.9314031506
1116,1.6345788979,2.4867279042,1.2703502614,2.293199253,-0.0108875668,0.5826768477
1117,-0.7621212259,0.5366420556,0.1008059873,0.3961797851,-0.9551494959,1.1627560099
1118,-0.7830413022,0.5895664408,1.6453563547,3.110838523,0.1289228499,0.4240322482
1119,-0.8654863492,0.8451626991,-0.4465471736,2.0219146441,0.1203462231,-0.238142109
1120,2.1708473414,1.177436135,1.2191799852,0.8852242636,1.5799122265,0.489266974
1121,2.7248395066,2.351872431,0.0368934195,2.2725466508,1.6906324937,1.2397908162
1122,3.6296035644,0.4490769534,0.5237251618,0.2074526289,0.8836023876,-0.2078252521
1123,0.4046705601,2.7404833096,0.5977806529,-0.40379065,2.2954934663,0.6925057968
1124,0.5524296971,-0.1744976333,-0.3990554575,-0.1353720776,0.6467048152,1.3082414788
1125,2.298817871,2.5316858269,3.2084582446,0.3819245026,1.7781860259,-0.5984433856
1126,0.9773069629,-1.5597350655,1.156012855,1.3780028431,1.4344802888,2.1306913896
1127,0.3213480745,2.9320001749,1.5317829443,-0.4696351385,0.5209902777,0.444004114
1128,1.206015696,0.015615081,1.1123032409,-0.3563324498,1.5992534049,2.1179583
1129,0.912276569,2.8993459962,0.1252473463,1.2247711228,0.9051064943,0.1462198792
1130,0.9362869425,1.1049690795,2.5625071344,1.8628224187,-0.7041927471,-0.553814902
1131,2.7300099135,0.9066351235,1.2915255532,0.6373764851,-0.9926597593,-0.7922007812
1132,1.2406328135,0.1514043144,0.0019920229,1.1663558913,-0.9148555541,-0.1797325232
1133,2.5912060644,0.7668494611,1.0594271184,2.1005319434,-0.3044612683,0.1461832275
1134,-3.0076423017,0.5670207942,1.3462002375,2.4320586836,0.2036874512,3.4863894673
1135,-0.2865454179,2.035241008,2.4106775821,1.1555267606,2.3022580085,-0.2324215764
1136,2.1581926391,1.3667413062,0.7250378947,0.2576418557,0.2152623211,1.7086647598
1137,0.6068959311,1.389460009,0.1435245115,-0.6565360991,0.3984243432,0.264785363
1138,0.4782249496,1.7084656235,0.9496042919,1.3730458036,0.9687909692,1.4079535431
1139,0.0541484292,1.2311229033,1.2001742168,-0.3783522127,2.8358639325,1.9124089726
1140,2.5394367294,1.174831916,0.4928749558,0.5710039131,-0.7754468728,0.7220173396
1141,-0.139198954,1.6702565192,-0.7631132766,0.7976043681,1.4861300311,1.0896117999
1142,-0.1238746979,0.1789856778,0.887342438,0.0217083632,2.6667471827,-0.2100161637
1143,-0.2853358358,2.2296660189,0.6728807058,1.1223396351,1.5747362064,1.9276616218
1144,2.6420323839,1.4478318987,2.6923084347,0.3261782527,1.1701427479,0.1910026263
1145,0.4151808257,0.9245095167,2.1837858696,2.2138917573,2.8452793852,0.9236872757
1146,2.5710303244,1.2151192872,-0.477072174,1.6362109325,1.7387503606,-0.2010325522
1147,0.6743092698,0.2964944439,1.7278530206,1.9980355802,-0.1206722347,-0.0097217013
1148,-0.3560696151,1.3422676906,1.776268998,1.3333976827,-1.2607579497,1.3070343684
1149,-0.0750889327,0.4870242146,2.2470505917,-0.153332845,0.8164379698,1.3320420558
1150,0.0011938493,1.9393291285,2.1155212612,-0.1015589318,-0.1499218217,0.0234163243
1151,0.8956979436,1.6809222627,0.7113489636,1.5572346847,1.1957302698,1.2645596748
1152,1.0412286029,2.2480482806,1.2947542414,1.6840386051,3.6126803243,1.8485403614
1153,-0.0069223079,-0.6244546196,1.3659690273,1.2117388728,1.5212017563,0.5095031549
1154,1.5575347456,1.0299134201,-0.0743370343,-0.6170817476,0.9099136678,1.6286702305
1155,3.2358534453,2.4009956124,0.617463749,1.0925377572,1.1347334367,1.2091822911
1156,1.7814128352,-0.3712423312,0.7983745533,1.5278033949,0.0948586598,1.6076581847
1157,0.7962579535,-0.1782830472,0.6977854238,1.1560575745,1.1356593135,1.8919020456
1158,0.0660548974,2.6810572388,-0.2476282319,0.6161536136,1.7009919807,0.8472192548
1159,0.1030653606,2.3718582839,2.3353184516,-0.1905195523,-0.7567756265,0.1390492891
1160,2.2607451823,0.9805800176,0.8708962542,1.3081370332,1.3862190802,1.7190310668
1161,3.4781801437,2.0430500297,0.2496443002,1.7455824327,0.4632688923,0.2805027332
1162,2.0879403611,2.0516917375,0.394120269,1.2481777252,0.8322008827,0.9826373508
1163,0.0624642463,0.0399994866,1.7669159359,1.3515051498,-0.5001563977,0.0380366089
1164,2.4065118578,0.633597935,0.5770233603,1.6081618262,0.9630702074,2.5382270874
1165,2.1536847427,0.8838673548,1.2287976914,1.8666586538,0.4035988045,0.9399301456
1166,2.4754498314,-0.1473586393,2.7449451887,0.6765620501,-0.0298507599,-0.1823891152
1167,-0.3149745202,0.3906993956,-0.7929334644,1.1160966656,0.255888141,0.6011082538
1168,0.8603894194,1.3851393547,2.2744901758,3.6125566815,0.9814659889,1.0865422614
1169,-0.1036423779,1.297632528,1.0454859436,3.3208132516,1.7491923574,2.1393620908
1170,1.7479064525,1.497051899,1.6638503013,3.3230947726,0.9268911092,1.1982585423
1171,1.2986839709,1.6407452176,0.4744883951,1.7688657299,1.3998408352,-0.2219541082
1172,0.8746898262,1.9241236987,2.2819468037,2.0040287553,1.2090416205,0.4692932078
1173,0.1287753585,0.0513701746,2.0029009795,-0.0673492953,0.755445902,0.5124127154
1174,1.0175873482,-0.2708258901,2.1627613602,2.0088641847,1.2286435292,2.7715238702
1175,1.7715918644,0.8505218384,0.8819988056,-0.1257854053,0.1845496921,0.9567000591
1176,0.8676667288,0.15400149,2.3968963813,1.2734691502,1.37689048,1.3782217013
1177,0.7071459727,1.2702511627,-0.010524576,0.7797017524,1.9079092142,1.9587281982
1178,1.9439404798,2.158457071,-0.0237076255,1.8249261842,0.9914350948,2.7695533116
1179,0.5011769408,1.2886911822,1.2417315116,0.5357808983,1.4762575386,0.5595678631
1180,2.2659906274,-0.3011454431,2.3125037241,2.0836741407,1.5359148699,1.4929696267
1181,1.9443226112,0.4522037528,1.5655408924,2.1000320364,2.1923863928,1.6628274364
1182,0.7527549248,0.0760150014,0.2282254784,-0.3243554691,-1.15387029,0.5393292436
1183,0.1317495323,0.9307654416,0.4204613232,1.7222870548,1.3967154732,-0.8436090686
1184,0.3603862769,1.0012189225,0.0270533251,0.7980805556,2.7928191736,-0.5759918275
1185,0.4305521598,1.0619804696,1.4162963144,2.9640735918,0.8547831467,-0.053555869
1186,0.3669324413,0.7448702229,1.1534131051,2.4980081459,2.4966106969,-0.8899166365
1187,1.2183763896,1.5604417668,1.5438015356,0.4447918659,1.9327362916,1.6801358976
1188,-0.937038081,0.8162279083,0.1691655777,1.81662949,-0.0246340551,0.351934227
1189,1.1154082549,0.418755236,1.9404153676,1.7165363774,1.5515599584,0.031260214
1190,0.2120868991,0.8957622559,1.2386560667,1.586964058,1.3612458228,1.360245338
1191,0.1282032724,0.6596766071,0.9188944403,3.1147063645,-0.2550366451,1.0731745002
1192,1.5239209129,0.9961817511,0.8328625996,1.1475614791,1.6243346244,0.580555899
1193,1.2576151745,0.214767146,-0.162531361,0.1518906763,-0.4533943226,1.2138609157
1194,0.7492879829,1.7594475771,1.3298768031,1.6151419489,0.9714854798,-0.0973082601
1195,-1.5518833277,0.2235580921,-1.7915331963,0.780970286,1.8547437051,0.4872697294
1196,-1.6763900209,-0.1551093991,-0.666041158,-0.0111802041,-0.893255303,0.8711136121
1197,-0.5226460882,0.5436417232,1.5656325654,0.5834057185,0.4732437668,2.1753236585
1198,0.7680030943,2.0553870911,0.9248523361,0.2206196315,1.6310385557,0.400053471
1199,-1.1579003489,1.4263985838,0.2284015571,-0.1932922627,1.6446708443,0.0329156433
1200,1.4000302846,1.8313610351,-0.1291154557,2.9778092049,0.2567248259,-0.1333301218
1201,2.2957364533,0.6593274806,0.5064838299,1.0404797254,-0.0296823858,1.2593887957
1202,0.8009336959,1.746711488,1.2636172861,-1.2110450001,1.2759910876,-1.0204510922
1203,1.2763571475,1.2981113635,0.8187114892,2.3021490972,-0.6506282018,-0.5353440571
1204,1.0328804814,-0.0802075374,1.5489114646,3.2418548366,1.6286676656,0.9043823021
1205,0.4445667931,1.0818335949,1.4046308843,1.0092947077,1.605912202,1.249758336
1206,0.3651193159,1.2390632597,1.701499561,0.3566944871,1.1922938962,0.9679150982
1207,0.0664485391,-0.0214130838,2.5726322837,-0.4744900832,2.6234139548,0.3730402439
1208,1.7783628051,1.7717764131,0.2748503128,2.2693637461,-0.3972431361,2.193778026
1209,2.6417474025,0.777865177,2.1310410315,-0.0881142983,1.4830439333,1.2211827508
1210,-0.6486584815,2.3311132713,2.372353271,3.4322142009,1.9336522613,2.2936012325
1211,-0.1448407437,0.9032998088,0.7777926126,1.838627257,-0.1873424685,0.5113368271
1212,1.6441123803,0.1238856638,2.6207288263,2.2339581687,0.8003635434,2.6763449792
1213,-0.1779220467,1.7882491748,1.2205994135,1.6436566027,0.1240028981,2.233567459
1214,1.5700125044,0.9746777075,0.4039180181,0.2182950571,2.3621881414,1.1396192042
1215,1.4312990048,-1.0444268595,1.2546506308,0.8037839689,0.8800110506,0.8914895213
1216,2.0009174429,0.7295390375,1.1349008442,0.750482043,1.1460045111,1.728880105
1217,3.0388798618,1.2618625525,0.9676453992,0.5761199969,1.6853848138,-0.7789333445
1218,0.6691548906,0.8287510133,0.5686129771,0.3140094645,2.8471195632,0.6916166317
1219,-1.1562943748,0.5774417621,2.2061168244,-1.8580680474,0.4148776418,1.1125400878
1220,-0.5073613767,-0.089447274,-0.2172730796,0.0058614543,1.6511515403,1.2529707698
1221,1.2911820631,1.5790987404,2.1141677662,0.8355667474,-0.2105292904,1.9088971664
1222,1.7901069835,0.4425761056,0.2914233916,0.7447931123,-0.0168893137,1.1347908857
1223,1.0431659928,1.0213696408,0.814143529,0.8662194079,1.6573358102,3.2150282311
1224,0.4226543444,-0.1146765312,1.1605449553,1.0223802416,0.3552041404,2.4534358172
1225,0.8466816661,2.8742250989,1.2905627596,0.8051733639,1.7846314336,0.7266455547
1226,1.3668694103,2.0142348072,1.3484354994,0.6533484741,-1.4427828155,-0.0781757445
1227,-0.1135496403,0.9263876311,0.0368213842,-0.0266769816,-0.2546141364,1.1014887778
1228,-0.308572146,1.2700888337,0.5399816069,1.1801811125,1.4982561847,1.3485964575
1229,0.931148411,0.9892004936,3.0914454379,1.47229914,0.564645971,1.5016342994
1230,0.1208060363,0.1004301624,1.5344352078,3.2517955571,-0.0088086979,1.1865447378
1231,2.1878786158,0.5768751677,1.4324937643,1.9158535874,0.285068227,-0.2076805459
1232,-0.7096564713,0.6687192978,1.2352474929,0.6275417323,-0.7720206188,0.6788231855
1233,-1.4740702542,0.1137266239,1.2346971655,1.5205277406,-0.3968255615,1.5015574198
1234,1.8601790732,-0.0010679933,1.9411328191,1.9649633393,0.2924009483,1.3606305737
1235,1.7766279037,1.556953137,1.5643065961,0.2630894996,1.3615767367,-1.1416234409
1236,0.2802176814,0.8313978586,0.6932106521,1.0756900201,1.1043759695,1.4201383821
1237,1.0358883459,0.1652969556,0.9175299203,1.1881873984,0.5228406422,1.349935916
1238,0.4776366968,-0.3280825748,1.4390251366,-0.7278499856,0.6250911865,1.5717873871
1239,0.2432642418,1.7623104859,-0.8440307699,-0.554895666,0.1073321759,2.2687565685
1240,-0.3939920352,1.2832732562,1.2491865061,0.5598871917,1.6034230955,0.4799099523
1241,-0.1659398022,-2.4514614519,-1.6615216778,2.7645693656,1.7684174067,0.3134267936
1242,1.8683113838,1.4301397143,1.1926661557,0.6283993804,0.2246613629,1.1299739611
1243,1.4474686594,0.7559407427,2.315639499,-0.236152787,1.2446137016,-0.3443428845
1244,1.0431569954,0.2877492099,1.9921748288,-1.1900841694,1.9734284126,1.1316855678
1245,1.0133434242,1.4887011996,1.8898215142,1.6121520263,2.238242023,0.9506242349
1246,1.1448334909,-0.0011928396,0.9481149158,1.0794326387,0.9351092261,1.5743806864
1247,-0.2950774286,1.78583083,0.2684980555,0.57015981,0.0070455105,1.5880993564
1248,2.3200828359,1.487658514,-0.3982474672,0.1144697758,1.6402088337,0.4715132993
1249,-0.3562163154,-1.6287699167,0.4722882548,1.3397023829,0.8709956086,-0.2157355916
1250,-0.0522575918,1.1091086691,0.6365959253,3.3440771033,4.2285300307,1.4768823944
1251,-1.3297326058,-0.595035399,-0.8670803927,-0.5458553132,0.0712204239,3.1340425333
1252,1.6786303483,1.3750393462,0.5011700508,1.4067085734,0.9416710028,1.2450375942
1253,-0.4033814911,2.3088828391,-0.5544456028,2.6493400785,-0.4049082416,1.7770574026
1254,-0.4638090255,0.6452090529,2.9275316989,0.5522810183,1.2449895124,2.7986880285
1255,1.9689491512,-0.9989112993,1.6887681948,0.941982101,0.6536534417,3.410372946
1256,1.1681437992,1.2492593718,1.1534299323,0.5325662629,-0.8903000233,2.3300463704
1257,0.7544491779,1.391334528,0.8099344618,1.4783156761,0.6010113347,1.0187737208
1258,-0.0341900276,1.4625426244,0.9823973152,-0.7044432484,2.250259111,2.2462691065
1259,0.5178587351,0.7952362129,0.2293923139,1.2435425638,2.4350913438,1.0959556159
1260,2.5967604799,-0.1542191745,0.4142739756,-0.7763615765,0.7990602428,1.7947366918
1261,1.025814729,1.3694361964,1.4263986386,1.5591485409,0.2083220793,-0.9251824197
1262,0.3310679342,0.5418189821,1.0769500615,1.714097815,-0.0197807614,1.0999868905
1263,1.8689099086,0.1194313231,2.353565764,0.9683478311,1.9849695292,0.9704499235
1264,1.168492012,0.2025213753,-0.0144511173,0.247163609,1.141880413,1.3585839908
1265,1.1505510324,1.227602657,0.1198969698,1.0927989713,-1.0401838921,1.4765413859
1266,1.3344667852,0.4134004176,2.637998151,0.7731170917,0.2909267889,-0.5896212918
1267,1.5219825429,0.655035681,1.5189342443,0.0697367489,0.44597754,1.5074119056
1268,-0.5807938979,0.6136872411,3.7223514467,2.3405665486,0.9090668764,1.7954093615
1269,1.0632503818,0.0601601481,0.1616086766,2.0100504189,-0.5405981664,0.8273088414
1270,1.4695759604,0.1047949724,1.6579007183,1.2673753874,2.0381203221,1.9834321123
1271,2.2971544363,1.1153768709,2.1186528072,0.1592801427,2.8087381526,-0.301434847
1272,2.4238787775,0.5725716317,2.3777783322,0.150766647,0.3760676483,1.3488850904
1273,0.5637175989,2.4709960178,1.4569370258,1.9050938522,1.4248483571,2.4413742525
1274,2.6490094237,-0.133176068,0.3195588052,0.9055509846,-0.3548479783,1.0129401487
1275,2.8764553814,0.7794398764,0.4227552644,1.2825799385,2.3929769908,1.7222978885
1276,1.7018874522,3.1544995905,-0.0157986241,0.0540278897,-0.0699836461,1.5464939537
1277,-0.1620200328,1.6509426503,0.7973593318,2.6418768652,1.7388031858,0.0354850174
1278,-0.1219522215,1.6187041719,1.6598615545,0.4111679703,2.2972042279,1.8408010708
1279,-0.0107572052,-0.0454178721,-0.4452363883,0.5090551779,2.6717658967,2.2975359638
1280,1.3495283406,0.7589459493,0.9174099156,-0.2406283296,1.5828223969,1.1456330157
1281,2.3643386355,-0.5213726037,-0.195510215,0.0137513792,-0.864771371,1.9199955127
1282,0.9445765473,-0.3474318691,1.4166475818,1.1680407643,0.2231832069,0.3169033735
1283,0.9832052406,0.9215286545,0.3706555354,0.4367317173,1.5418934252,0.3171421414
1284,1.5605171628,2.3530978804,2.2625286259,-0.3464972244,-0.2572523889,0.7171039176
1285,1.6567045777,1.236180971,0.7221223269,1.791802081,1.0995001437,-0.2542522396
1286,0.2770045587,-1.276616725,0.972727932,2.8230071504,0.3612430279,1.9847659789
1287,-0.3864723284,0.2425380835,-1.0709948147,2.6375335637,2.7728595541,0.5414339596
1288,1.8119063728,-0.4145155034,0.263292325,2.431396661,-0.1623932296,2.1417866756
1289,2.145760094,-0.0721384995,-0.3087064219,1.5830329442,-1.3399005225,0.5225017974
1290,-0.6946274284,2.1725525628,2.3523789886,4.0686161186,1.3128822178,2.3615488547
1291,0.6386310677,2.4692690726,1.0075570358,1.8261087378,1.1733972474,-0.0886513487
1292,-0.2814524185,0.8157887611,0.9055803499,1.0898442337,-0.1403419692,-0.1609024215
1293,0.1697871842,0.7170699758,0.5158006931,1.8217942665,0.3225327506,0.7833698009
1294,2.2613694548,2.1674311419,-0.5675139509,2.2846936624,0.0276484893,0.2394433427
1295,0.446765137,0.5276943063,0.911833503,1.964867206,1.3706267494,1.1739902168
1296,-0.9289398041,0.876837306,1.0643878988,2.4038370105,2.2647268823,2.1123066412
1297,0.7310532807,0.523787819,0.0306880876,1.9113921797,2.3790847218,0.663445296
1298,1.4953529277,1.193148626,1.2709108698,0.9889471072,-0.8755212319,-0.435670757
1299,2.5038067653,0.4406851941,2.968561174,-0.167004653,0.9786063251,-0.0218230041
1300,1.1244841265,1.3840432008,-0.7565821867,2.8421107718,-1.1408314247,2.3856530679
1301,1.0776053511,0.5048959075,0.2727272799,0.0819287621,-0.1346579793,-0.393440704
1302,0.9460404862,2.3173493566,1.6688630575,1.1190298061,3.555763288,1.7448012226
1303,-0.8043498366,0.0705482872,-0.287879981,0.0758023302,0.4916062693,1.5512497983
1304,2.2839016636,2.607523316,0.5552167325,2.4449930521,0.2693325234,1.994587769
1305,1.312043675,0.4863784197,0.8043722076,1.6434297548,1.8700013095,-0.3191863661
1306,1.6370162565,1.7053223257,1.0034486708,1.6444542558,2.5164907084,0.0625076029
1307,2.1592259502,0.1173622783,2.4505338724,-1.3811926479,0.6813842255,3.5838125565
1308,-0.8849859536,-0.0470882745,3.3687157109,2.425755479,0.8873833303,1.1482673617
1309,1.3641996736,1.0788923991,0.0221639384,1.0945178873,-0.6804927313,3.4519640448
1310,0.9186476818,1.4712277777,0.803770588,1.8070156833,1.9220723201,-0.1887604449
1311,1.3726961954,1.6935451247,1.3052911895,0.6188595856,1.796866819,1.9965227611
1312,2.6896088778,0.5836331424,1.2381762807,-2.0523741525,1.5600551832,1.0975614786
1313,0.6292097666,-0.2759613788,3.7635660477,-0.5825144006,0.7649132962,0.4244752213
1314,0.30038252,1.7121996214,0.9726947732,0.8721900626,0.2359875414,1.1257985001
1315,0.3123083653,0.2827254836,1.2667026494,1.7936840072,1.058700202,0.3440519238
1316,0.1686456514,-0.0811435877,0.9096521948,2.2125863976,3.1511089671,0.6200766786
1317,0.145009886,1.4005512337,-0.3267585393,1.1724945492,1.7172096742,0.8023649189
1318,0.3639617445,2.2452475033,1.7567090229,1.4284427453,0.0711894648,2.7504254563
1319,-0.0350935605,0.5850327431,1.3882039828,2.0662032253,-0.7582212057,1.7541638863
1320,0.6140321807,0.6994288086,0.7481992986,1.5344844643,0.9792702541,0.9360188135
1321,-0.4243898733,0.7646430093,1.3824205175,0.8218072179,1.0654860721,0.6180296948
1322,0.7981926295,0.6418511953,3.9123758279,-0.2102308442,0.2617548293,-1.3641526291
1323,0.053093853,0.2035455883,0.7582664531,2.0166186151,0.5633743869,1.4146798113
1324,1.5481098415,0.9523310924,2.3338814607,0.80514708,2.6930867568,1.9034300014
1325,0.6329031573,3.2167443595,0.8312386524,1.3516908789,1.7383986542,-0.3931849499
1326,0.532317909,1.897907465,-0.3296807832,0.109968778,0.5457788594,2.288016257
1327,-1.2416063499,0.9989381557,2.9876706962,1.618086297,1.4383500768,0.2943358894
1328,0.5672431484,-0.2408922737,1.807516738,0.6307687153,2.3834043706,0.006170032
1329,1.1221006375,1.2159062576,2.9347121886,1.0040252649,0.6898189118,0.5112846785
1330,1.5652074338,0.6633574086,-0.421235312,-0.0510247371,2.2180391302,-0.3269480464
1331,0.1378255694,0.9889909424,0.9941040631,1.8037844404,1.1077001653,0.3256140382
1332,1.1153409271,1.0202536262,0.6554669534,0.3657873842,1.6270593048,1.7559844445
1333,1.7279261907,-0.1519403719,0.3064266869,0.5208855188,2.9352045419,2.3131410831
1334,-1.5065909785,0.3506126061,0.1322801078,-0.062639679,1.3802439937,3.1380846164
1335,2.072910871,0.751510011,-0.0855533638,1.9095403527,0.7807379277,2.8117926869
1336,-0.5319906064,3.0627239076,0.2251337695,0.8708767615,-0.2447382907,1.0670998334
1337,0.0887088954,-1.7777976026,-0.5825761625,2.5660437978,1.810794081,0.4130451286
1338,0.3899929717,1.02356091,1.9420489826,0.9497536601,1.3484639829,2.9710103946
1339,2.8240234378,-0.9539411983,0.3852264694,0.8230902902,3.5748655415,0.930041364
1340,2.4786985165,-0.1887685841,-0.1796293281,2.6093655917,-0.0261580455,1.0924770893
1341,1.1754151294,-0.1242247594,0.6302872426,-0.6691600948,0.659237762,0.7884841202
1342,1.1227270733,0.6760550482,0.3260949317,0.2370343916,1.8546724121,2.6129334233
1343,-0.3043031197,2.6213706314,0.7036105919,0.8825161659,0.0621263925,1.3016157615
1344,1.3354758121,0.6309294718,0.1027901021,0.8574743576,1.6158669887,0.2846669391
1345,0.644590705,2.4454987205,3.2677169419,0.2938953895,0.7245953153,2.3617475015
1346,2.2077958367,0.5213055892,1.7027178313,2.118442554,0.4074726117,-0.0569383164
1347,1.8890006123,0.618982996,1.8416898577,0.7719348398,1.4338561643,1.7925587108
1348,0.6215341572,0.7557178644,1.3167983774,0.1669494168,0.7607136397,1.3005956634
1349,-0.0818847064,0.5572300635,1.0337757365,1.4927621458,0.1574066232,-0.3584592406
1350,1.9691771696,0.8919232213,1.7145348203,1.798243707,1.788660314,1.9539745449
1351,1.2403094928,1.6529168317,2.3169231026,1.0342133595,0.580070358,1.9009591371
1352,0.3468780494,2.0102523267,1.6897427376,0.8143593924,0.8996124256,1.6571916657
1353,-0.2321728967,4.8666607722,2.156168747,1.1105615267,1.0774367854,0.0989613165
1354,-1.2371597444,-1.3045686413,0.4498389587,1.11910427,1.7020802122,1.7658449466
1355,1.5082213689,-1.5461803004,2.1400470581,1.5478516538,-0.9870640775,-0.5415320838
1356,0.2244912011,0.6962216112,-0.2072056015,1.3924422686,1.0313917927,0.2939580563
1357,0.4462915181,1.0369447914,0.5688685908,0.9336667146,1.6803901434,2.3521331102
1358,0.376507199,-0.3812183477,0.9509758788,2.0036910909,0.2014858653,1.5596392397
1359,-0.516353,-0.4733613958,1.2798251691,2.9460307639,0.4790178375,1.1135981974
1360,1.3419880971,1.0044054201,0.5375358595,1.0135051995,1.1290167,-0.2591588362
1361,2.0372556579,0.3643634247,0.5993804572,0.5467270341,2.3356831857,0.821489882
1362,0.9758502475,1.626454936,-0.3804638903,1.8655220353,1.1825048689,-0.184069837
1363,2.9245388045,-0.9172633589,-0.4459588565,1.2461994263,-0.3410068276,0.648052637
1364,-0.9471437348,1.7100085427,0.7391331093,1.4203054639,0.9733434077,0.1459785
1365,-0.046536936,-1.6748119593,2.8510851377,2.2638158027,1.447110731,-0.3480293095
1366,0.0658090129,0.421815556,0.920577968,-0.0177932957,1.8309719953,1.8231890277
1367,1.0841072913,0.9513881496,1.7008700784,-0.3024666337,2.3721775504,0.9953172525
1368,0.9925661625,1.5889329788,2.1710907977,-0.0195751,1.0808095771,1.2709087634
1369,2.1162423622,1.9812470324,-1.2115774658,0.3054842545,0.4409341136,0.4920742825
1370,2.7458259468,1.053465971,1.927951031,1.6392072673,0.5340631838,-0.69956853
1371,-0.5522624861,2.2767093058,1.7026856664,0.0904414816,0.4603536195,-0.380519298
1372,0.4806510434,0.8319015907,1.7984097715,1.3435030614,1.8151176798,1.1594095583
1373,2.9425863354,0.7328285446,0.7321242859,1.9527955927,0.0851394737,0.508087875
1374,1.888822627,0.6952346708,0.8248323883,1.8481362477,1.0488504901,0.3177117473
1375,0.6555041884,-0.3349556995,-0.8350783337,0.6875686981,2.1745811015,-0.9386066236
1376,-0.0007021489,0.0596754808,1.8848106846,0.3051824638,1.9460659571,1.5473725272
1377,1.5542650894,4.0444485394,0.9003791883,0.3690822552,1.2129918168,-0.2663052684
1378,1.7479645918,1.0411046533,0.6845023476,2.8745977801,0.4962318303,0.2553139341
1379,0.7228791932,2.054824103,1.0591012626,0.5736262284,1.3060190186,-1.1722095514
1380,1.5427116007,2.5829468232,1.1221556834,0.6276830161,0.3009549455,0.5498833703
1381,0.0722107214,3.5281750068,0.5647547304,1.6801372012,1.5751534441,-0.103163941
1382,1.2806862605,-0.9627764559,1.5815155269,2.4643925143,1.7604626187,1.1503427122
1383,0.1370245461,0.7370329137,1.5038564902,1.035773646,-0.5310906998,-1.1044519512
1384,1.0806071323,1.3925286939,-0.1516674533,1.2792613164,0.7925681764,3.0262692781
1385,1.8004085641,0.6338008251,1.1178108498,-0.0126310914,1.1051398758,0.2638439035
1386,1.3066031212,-0.1650496508,-0.4083134996,1.9317615878,1.2258114135,0.0445192117
1387,0.8352765501,1.2489798216,1.4337892889,2.8438101399,1.6738966901,2.1709147062
1388,1.0283273441,-0.4953922443,1.175889154,1.3186540656,0.3509953786,1.77057934
1389,2.3345229382,1.1565867267,0.5490596055,1.0142648864,2.0674254953,2.2279115335
1390,0.9155690547,0.3000189179,0.4116260753,2.4667013794,-0.7140660866,1.0778949806
1391,3.7301684486,-0.4282487325,2.3428948453,1.5172398571,0.9664180628,0.1255792998
1392,0.5648885012,1.7381858819,1.8027882236,2.6410160305,0.3955526194,1.6602894553
1393,0.4668396762,0.8364813032,1.9151721409,1.2760580081,-0.0929445086,2.8490981873
1394,1.1641132354,1.0728460878,-0.3105065182,1.6790096491,0.9658025048,0.0792121536
1395,0.8187661804,1.5860903617,1.4198137578,0.8813983716,1.5524788069,0.4089724061
1396,-0.163856884,1.5264090241,0.8101597264,1.6512357267,0.6608660645,-0.2941333939
1397,0.2105404467,0.719172602,1.2378623469,3.0873856782,0.8582048577,-0.850642253
1398,0.2382316144,2.3280701967,1.5156673302,2.0135518832,2.1064093884,-1.2942168149
1399,2.2479455148,1.3356052403,-0.2178943502,2.2658252596,-0.2576374548,1.1523049539
1400,-0.1111496754,0.6022379661,0.2749814032,-0.0587723245,1.7363021208,1.1356349984
1401,1.3853976109,0.2579347278,0.0711424227,1.8461161423,1.5075065043,3.1432387427
1402,0.6199599245,1.847652966,0.2026053715,2.3591503013,1.2110984484,3.3325723958
1403,0.4714627496,-0.1924229946,2.3265153168,2.416200804,1.8715653572,0.6595309554
1404,2.5603410968,1.1673207124,-0.0429184231,0.290268726,-0.0576201339,1.2471020355
1405,1.8873519827,-0.5563548851,0.3895140344,-0.1759774452,0.3661794541,-0.5041743367
1406,-0.4052197419,0.7914812522,0.8980545167,1.4457075937,2.5977434153,0.7825965354
1407,0.9260945313,1.7044287774,2.776297713,2.1132373203,0.0041236082,0.7124000639
1408,3.2944603161,2.0071918154,1.9404860961,1.63136447,-0.6222417448,1.959615307
1409,1.5443954735,0.9244988499,0.8868011776,1.8210180251,2.077008018,2.4575296792
1410,1.5171928267,2.3733660985,0.4598334279,3.3583397525,0.5001450069,-0.0040465751
1411,1.9561688097,1.1249546698,1.1643132523,0.9425650258,1.5912637434,1.1033124545
1412,0.4751642704,0.671402437,1.8544729658,0.681489638,-0.2143821607,1.1947976461
1413,0.693305071,1.4139115542,0.9807681185,1.3439498433,0.1718515723,-0.7283198978
1414,1.3637996864,-0.3596341347,0.1372935829,1.2358808785,-0.693664034,-0.4791864946
1415,-0.0825443744,0.5255960445,1.2805196576,0.7674667942,2.7499031425,1.988250906
1416,1.0137219352,1.5073447706,1.0758597953,2.5418087019,1.914195376,1.5580878493
1417,1.5854362521,1.0902741846,1.0816050951,-0.0949760631,1.3537477764,1.2171797259
1418,0.7488083423,-0.7282940079,2.0914227968,0.126211419,0.6714943914,0.27295532
1419,0.3748605976,0.9147409727,1.1881645348,1.5150515945,1.5268229051,0.4021765118
1420,0.3007945649,0.5562528802,2.8581218912,0.9142970787,0.4174545649,1.17148927
1421,0.8959315896,2.6878234553,1.5718864456,0.614216654,0.4346851616,-0.456976134
1422,1.9538818036,0.1405791169,2.1490627387,0.6478261929,0.9857397853,1.3880099456
1423,2.1479391957,-0.6086089639,0.2372670622,0.4457696915,2.508895193,2.3799751511
1424,0.9102911195,1.312394889,-0.4244430316,2.8499821534,2.3890231039,1.2341212198
1425,0.5360048587,1.7176643657,0.4958407443,-0.2834250709,0.7757414908,0.48049871
1426,1.7964604574,-0.603378442,-0.2583608028,-0.9400587735,0.91710978,0.6953574603
1427,1.6606859336,0.2606815061,0.9746086874,1.7235289476,1.7969717868,0.299921814
1428,0.3542125139,0.8522099278,1.8769551666,0.5998257334,1.4415634846,-0.1157760532
1429,-0.5849050275,0.0119346408,0.2082641486,2.8193854237,2.1779111863,1.924018008
1430,1.258060678,0.2719787452,0.1658795871,-0.0239821163,2.0849306775,2.7999884459
1431,1.1762223641,-0.0451161286,2.1299689632,-1.5002479965,1.0384536046,-0.2391196077
1432,0.9655907926,0.9351775656,2.6857230916,0.0705082585,0.9670276501,1.046022339
1433,2.6273197642,0.3137648509,-0.8172867815,1.5628688912,1.0229525177,-1.2628023295
1434,1.5448625305,0.6313112261,2.6088416892,0.2321249484,2.4547527394,1.023649745
1435,1.5884473673,0.8443806812,1.2889174678,0.2451065653,0.6430619144,1.2369794735
1436,0.9544489831,-0.7439067453,1.1814855794,0.0009081417,0.6062474518,-0.99319046
1437,2.0837287638,1.4798187588,0.63694098,0.5002985818,2.6095524353,0.544172245
1438,2.3473752752,3.3861738796,1.0959225551,0.6861538405,1.5443158135,3.9511347794
1439,1.7496751553,1.745797378,1.183373258,1.3145503445,1.6154390213,0.3615115461
1440,-0.5992456568,-0.0394678321,1.6803874816,-1.0443323615,0.7595645532,0.4742846023
1441,1.3516809601,0.5500739726,1.1961623636,1.999395319,0.3162312369,1.8596265722
1442,1.2501196281,2.0291570825,0.8117600534,1.0240811685,-1.0711513628,-0.7729832754
1443,-1.1740933241,0.2155412527,1.7305865187,1.2585094042,0.410299764,-0.680781677
1444,0.9265405899,0.7746538975,1.0534186822,0.6588573516,1.6084945137,2.7053618746
1445,0.7249464406,0.7227401943,1.5350990312,2.4809223924,1.3523639,1.5709763169
1446,1.7339786141,1.051516623,0.5857817843,1.3014687742,1.7642558289,1.0746178131
1447,1.3670427129,0.3607043782,1.9868412526,3.6726233979,0.5150507433,0.8084143772
1448,1.3631856519,1.6892710842,1.2251617079,-0.1141398784,1.2511426147,1.3853309718
1449,1.7115480672,2.006561354,-1.2756515851,0.2206625908,0.7976061553,1.5492326278
1450,0.602530553,-0.4492863335,2.0989256912,1.6499099927,1.8168526094,-0.6947833021
1451,2.2396040866,2.1880801205,0.215808693,0.4186821656,1.3151415982,-0.2341237438
1452,2.8000154017,1.9145498056,1.8500988305,2.0339171735,0.3076816994,1.6443198757
1453,1.5908870246,0.0047286959,1.8083777018,1.3635287926,0.8178287645,1.9425278533
1454,1.6812924553,-0.8546282916,1.0259458553,1.1556307284,2.497952789,0.9800337759
1455,0.3220658858,3.2058365635,2.1038277773,0.9240109618,0.3025329148,1.6491077913
1456,1.9526091516,0.7296333175,1.6876867293,0.3039550186,2.3350686197,0.759093638
1457,0.3738570216,2.2306919106,1.4921273524,0.3473289418,0.5473558591,1.3010588423
1458,3.0686766732,2.0958898704,2.6925818607,0.9150504175,1.1314522638,-0.4223669209
1459,-0.8162906478,1.555726884,1.5200550131,-1.3095274913,1.8202824044,2.0498070603
1460,-0.4358253545,-0.9456857972,1.0858665027,-0.4626008182,2.7479317659,0.1982587036
1461,3.1294403349,0.3573690277,1.6505069748,0.3733016818,1.1293899699,-0.5549819106
1462,2.250695945,2.8520960695,2.191123792,0.9651717047,0.4563496713,-1.6680331107
1463,0.2552567346,0.7418079252,1.0150088424,-0.9429872786,-0.4048102131,-0.0676131742
1464,1.1567391609,1.6581387858,0.3278866871,0.6978239328,-0.0759354305,2.2850615255
1465,1.7244346533,0.8064903863,1.718116435,-0.2492629102,-0.5042096835,1.3566481826
1466,0.0871096937,1.1868996638,0.898122472,0.9704761075,1.1672091993,0.0698307561
1467,0.6337856953,1.9960579301,-0.0706515924,2.5895103658,1.8610660132,1.1749618286
1468,1.4372846617,1.5082156604,1.3876021915,0.9195047045,2.2754482089,0.7116634633
1469,-0.0487520124,-0.2793279387,1.4942040802,0.3189851846,1.7035910967,1.5187825832
1470,1.1773081473,2.5197880656,2.21962104,0.101957049,1.0991144724,-0.4030969753
1471,1.6715080438,0.1111955058,0.4824831474,1.5252666402,1.7975780259,1.281914643
1472,0.765395055,0.5643033651,2.1925441553,1.829655892,-0.1399746364,1.4496862715
1473,2.7207149991,0.8750690933,0.7715862426,1.1757910321,2.057971708,1.1559272058
1474,0.1030015043,1.2433689823,0.9927033246,2.1284317,0.0301745044,0.645976147
1475,2.0916924092,1.7090065434,0.2056569233,3.066527844,0.8080437267,0.718369322
1476,1.3103609201,-0.2251435579,0.9542524061,1.1415347493,0.4443679152,1.7677058612
1477,1.2821368492,3.1105589448,1.453556702,0.478651139,2.1757552688,-0.392426391
1478,-0.9539660304,0.9188136511,0.1204148934,2.1755283507,0.1955701473,2.189095356
1479,1.2691087296,0.8093662631,-2.1648202775,1.3817573122,-0.3147237717,0.1282887147
1480,1.1205971086,0.7280330247,4.1745096062,0.8088910841,0.3872059053,2.3102968375
1481,0.3469827659,2.6445073392,1.7310070127,1.0988058354,1.9710077288,2.7626512223
1482,1.5814461453,1.2119535396,-0.5486409786,1.5853129137,0.8933523644,1.0578013688
1483,0.9598743306,0.1867325202,1.4393019422,1.6005712843,2.2424368784,2.4579789761
1484,1.3931117213,0.7888609412,1.8624059838,1.4026188885,0.7296435557,3.1132963383
1485,1.7890560277,0.4310299538,0.2470157492,1.862297135,1.3604799504,1.322157881
1486,1.9780719371,-1.0734801892,1.5512607012,2.9436576411,-1.3508217077,1.9905292346
1487,0.7878022415,0.955147363,1.6899485577,0.365979871,1.9484201607,1.2858869895
1488,1.4595355662,0.1691430499,0.6349007221,0.9030363621,-0.0329572794,1.1881834059
1489,1.6306738467,1.2523283151,2.3855643289,-0.6636656479,1.9440564767,-0.0221120537
1490,0.9731951884,-2.1076012298,0.3339360967,0.3560282867,2.1435629065,1.0945961092
1491,1.6735809989,-0.112487835,1.9580379866,-0.5254243562,0.0439387783,1.4473480644
1492,1.5515483034,0.2895233596,1.062542095,0.0513250163,1.6153212491,1.6624050935
1493,-0.3113528356,1.487805991,0.4534914684,1.0556602349,-0.182107182,0.720623155
1494,0.6568468029,1.096192312,1.4956659724,1.9044012143,0.2296698705,0.0204128606
1495,-0.8430511452,1.2136233964,1.005644839,1.2247271943,1.3282086822,1.0659930131
1496,0.9602958789,-1.2692966367,1.128698868,0.9380934883,1.8078015251,1.3114215391
1497,-0.0069962534,3.4585593903,-0.122780785,1.3050792114,3.3402102907,2.8967855456
1498,-0.4604055488,1.3771385449,2.8522218832,0.2145932224,0.9578924206,2.667478897
1499,0.5867645761,0.1612766785,2.3669266009,1.3679169433,0.6561082219,2.9211143679
1500,0.4747014535,1.6599125492,1.9223746231,-0.0232724224,1.0717299762,1.7715678735
1501,1.8013481353,0.868994099,-0.7313700289,1.4513468855,-0.1283803582,1.3055841174
1502,1.7211850044,2.4365734705,1.327630674,0.5654316443,0.7578793675,2.2013280142
1503,0.1047556165,2.4689241982,1.0342770733,-0.9102148933,1.0770973713,1.3408531496
1504,1.1355774238,2.237443393,-0.6112955198,1.8904422399,0.0098781798,0.5036645107
1505,2.4150647237,0.7726753197,1.5150639999,1.2977681097,2.2146467384,1.259976981
1506,2.0621121828,1.1190175454,2.4309863138,1.6046845161,0.1735467027,1.1119205428
1507,0.3855950333,0.1964531385,1.5115925037,-0.3958437658,1.1041028734,0.6418850006
1508,2.2213336615,1.8253221701,0.585644125,2.2586617031,-0.0957583476,-0.9315121264
1509,0.7323110153,2.9766933808,1.6590997953,-1.3652566173,0.6184604961,1.0851379148
1510,1.4463861154,0.6234081225,2.2787454414,0.1912056668,0.4899740368,2.020619403
1511,1.8980583772,0.6919649427,3.0751164591,0.771887106,1.7118777431,1.4783862613
1512,0.7432755908,2.4800259855,1.0346968008,1.2290933079,1.4517510973,0.7350629159
1513,0.6853176573,1.8119477707,3.3218894529,1.3501474154,-1.0845994859,2.0970292982
1514,1.146151029,0.7482849161,1.9830147929,0.0853330478,0.2833160529,-1.1627391073
1515,1.5602133791,-0.4590383613,2.5414694225,0.7398258666,1.7178094255,0.9956856773
1516,1.3470261639,0.1994541723,1.3725981605,0.0085436027,0.7829799631,-0.4830845215
1517,0.9736844183,-0.3856532179,-1.5191935523,0.1488756739,1.9752180672,-1.2933712363
1518,1.3965683259,1.1623053432,2.0957267013,1.6865811924,1.7166189237,2.2559354046
1519,-0.0609876836,0.7002706697,1.0959498881,1.0039125676,1.3553555205,-1.6606494837
1520,-0.6237516652,1.239464697,0.3971566747,1.8412878113,0.2384450487,2.052016973
1521,0.4496897192,0.2589250475,1.1949250076,0.1621367134,1.3722946837,1.083443035
1522,2.7877595128,0.832301526,0.256824161,2.9190691846,-0.1560241094,-0.8527215981
1523,0.4962316631,1.2539019416,1.3558573931,2.3246563361,2.8867640462,-0.5957035482
1524,0.5372686662,0.4304903807,2.0233171423,0.4698987888,-0.7821131936,-0.0266809403
1525,1.0052198558,1.3381419656,0.5435757954,0.5895445863,0.0474857522,2.2641057647
1526,1.2824506492,1.5636371336,-0.6084768207,0.8277163802,0.6742576564,2.5738071891
1527,1.0232282334,0.5004157632,1.730614206,0.027161606,-0.850017995,0.7378012143
1528,-0.9021793235,0.0630900052,0.3589101833,-0.0177720159,2.4658935787,1.0130148312
1529,1.3312669663,2.2426557059,0.3049117942,2.5821219426,2.4753865867,1.259126667
1530,0.4874670906,0.360828813,1.9919882824,1.6859365423,0.304766936,0.7498698978
1531,0.408040485,1.2668130313,1.5231584962,0.8734901044,0.8274949154,-0.2204603519
1532,-0.0612697891,0.3704814335,3.925214863,0.5049614206,0.4615886762,1.7923066778
1533,-0.5164939517,1.5018647782,3.0097974752,0.5301189515,0.304619752,-0.1724836391
1534,-0.6949744091,-0.326965408,2.778138513,1.019045349,2.3418457254,1.415437321
1535,-0.4266178078,1.725390064,2.4427036584,0.7713319155,1.6607720288,1.4950163038
1536,2.343372059,0.805379533,0.2506041433,2.0415745081,1.8592453342,-0.7741916492
1537,0.2110484938,1.5251091604,2.3706086994,0.9561055566,0.8133806683,1.6478809936
1538,1.6492142135,-0.4281165032,0.2695534926,1.0401163898,1.1307986787,1.0180353208
1539,0.1911725172,4.0569992954,2.6335860854,1.8743611661,2.7377588391,1.453475507
1540,1.6482315735,-1.254573954,0.3553644643,-0.7074884041,2.0388804415,-0.0976899271
1541,0.7658109785,2.4672524911,-0.5955926429,2.0084376366,0.3660493932,0.4668695662
1542,1.6168393597,1.2242306361,-0.3033365883,1.377857693,1.3165010827,0.9583978643
1543,2.5725409642,0.4989490303,-0.2054509836,1.2916131207,2.1396417731,1.2604904013
1544,2.8058652097,3.3298211731,2.5394047517,1.495009921,2.1156482378,2.2817011605
1545,2.1918421207,-0.3626111904,0.5115784433,2.4707255772,1.0815351709,0.3623342421
1546,2.2780871885,1.0288317979,1.975946686,1.4914758347,-0.3163117075,1.1776256783
1547,0.7299306088,-0.4103319634,2.1847576671,1.3991025962,0.9039347355,0.5836410965
1548,1.2042287918,1.1402932079,-0.1742384875,0.8346424383,1.8092287652,2.1732950902
1549,1.9998066253,0.889103281,-0.3548358789,1.6795076043,1.8990321047,0.180348756
1550,0.668630945,1.5231800127,1.1170813254,2.0723018909,1.8479649989,-0.227100955
1551,-0.5019822202,0.1631224819,0.9008090349,1.7218886156,1.5570160173,1.7823807857
1552,1.7077619177,-0.2935381338,0.7344078915,1.3789300889,2.5432171138,0.7030263552
1553,-0.0657323574,0.9160425011,1.27685711,1.6574986267,-0.4492436673,0.3982420747
1554,0.6540067785,0.0255975985,1.456414956,0.7676118633,1.0112089915,-0.582727341
1555,-0.7977408375,-0.1514741345,1.3386233481,-0.4866232318,0.7570756678,0.3738692328
1556,0.6893622885,1.3232600513,0.7270376111,1.8452443284,0.8717390471,0.7735806571
1557,1.5002656416,1.7002019797,0.1922195106,-0.6333676095,0.0266989667,-0.4315560264
1558,1.7574285179,3.3412720652,1.2442032662,2.1736269692,2.4605598017,1.1837911729
1559,3.114697094,1.860208845,2.0783884433,-0.7139724347,1.460407795,1.2665671499
1560,1.0356292094,1.3383936232,2.561161907,0.3663446502,1.2817206821,1.1825515797
1561,1.8283680291,1.7193684935,3.4825695031,-0.5556632318,1.4070068727,1.9815135593
1562,0.7882784419,3.1057064175,0.1428206656,1.1073871975,2.2039282612,1.6132430509
1563,0.4145640242,1.2657716355,1.0957686629,1.9116035481,0.2360150876,1.8346586419
1564,-0.7798030075,1.112240839,0.6966361388,-0.3431460873,1.4243808387,0.627313039
1565,-0.009777916,0.084723059,0.5982655142,-1.0813010696,2.1562044688,0.0676234541
1566,1.9791001096,1.6202699592,1.3520261814,3.0008369046,1.5853131574,2.2186146227
1567,1.2818912274,1.5450088692,1.3767661104,0.2686943429,1.0840230735,1.0729751294
1568,1.5610015199,2.0695209105,0.2168228079,1.8540173587,1.2956924225,1.3140949933
1569,1.1130313135,1.5761304137,2.2680822073,0.648132288,1.83727208,-0.9097809342
1570,1.1414458681,1.3884752615,0.4638620976,0.7563027001,0.2225521117,1.2952739002
1571,-0.2606702163,1.8658794943,1.8914662164,0.0252217686,0.602439564,1.6317734875
1572,1.8409059471,-0.8697341216,2.1113990016,0.6097892951,0.8967952126,1.9672629108
1573,1.5381309466,1.7997246031,-0.7131579303,0.2647723128,1.3740306674,0.0286976158
1574,2.3317045234,1.4137349823,0.735425848,1.4171941282,2.3913766019,1.2496852245
1575,0.5355923784,1.9824532896,-0.2687108346,-0.040757614,-0.3922956018,1.9106386149
1576,0.7913351939,2.2010559995,1.3754424179,2.4491259904,0.341501505,1.953235254
1577,-0.330224884,1.3396143221,1.993137955,0.6878159095,0.6444094057,1.674828983
1578,-0.9415711925,0.7949457073,1.1853753227,1.4184246731,0.5423727736,-0.6135831751
1579,2.801918701,1.2761973652,2.5296259892,0.9820716403,2.6622898292,2.666347793
1580,-0.9126952967,-0.0004276043,0.1132838497,1.5489454513,-0.1571290288,0.7308864635
1581,0.221153453,1.6819909163,2.1448043779,3.0824532209,-0.1721138854,0.5326769775
1582,0.5860655295,0.8556131984,0.8023369092,-0.1560432758,0.2178163303,1.0249627594
1583,2.7668012311,0.645732212,1.7853886634,-0.2715699036,2.5879823583,2.2074183476
1584,-0.1105453942,1.4356382652,2.7728150171,0.9774935781,2.282648135,2.2146219599
1585,-0.1617821362,1.9581280749,0.5484954379,-0.7776185304,0.8852798188,0.6688746993
1586,-1.5879872453,1.167394059,0.527031041,1.0022619145,2.4276697666,0.0714422948
1587,0.7827399444,1.990500461,0.6304898306,1.344054063,0.463215675,2.0279320086
1588,2.1973781522,-0.2264516781,0.1967635916,-0.4813245984,1.6564269864,2.3971889849
1589,0.2402092424,-0.1972323486,1.1503978201,0.1105352421,2.1962722145,-0.3476245879
1590,0.8885960362,-0.3351140063,0.8937709281,0.106494719,2.4167701783,2.6967605372
1591,1.2577804451,1.8439100178,0.9298058509,1.5433022489,1.6397996841,1.4670532545
1592,1.8972470928,2.9286488683,-1.1050644836,2.1228533163,2.7260966518,1.5157532837
1593,1.747105876,1.3019262767,2.3206418006,1.7859781504,-0.0267390737,1.4603128003
1594,2.2352028056,0.7199971592,1.6234855898,0.6707183707,2.2384322475,0.3552556296
1595,-1.306721294,1.2662074389,0.9423223582,1.8659720696,0.1781179411,0.4040892786
1596,-0.2987526207,1.9761832699,1.7321149465,1.1017734302,2.5368211378,2.1091380916
1597,1.8750053528,0.70562994,0.5427275848,-0.0765661721,-0.4411477142,0.2782632179
1598,-0.7457410972,0.5573551218,0.0689839316,1.630584365,0.6104751613,0.4883234032
1599,-0.8569277181,2.6452688774,0.2705188983,1.3796829311,2.3954336588,1.7526622607
1600,-1.0126629981,1.1066766839,2.3023368787,0.4981949536,1.1981736595,0.4108106629
1601,0.8282667486,-0.2157777378,0.3682523726,0.887691096,1.5104052344,-0.2480476517
1602,1.0124582488,1.4980360457,0.2645620009,-1.1262618053,2.8687292187,1.1972630766
1603,1.2269527602,3.0332111042,2.3442247415,0.748850359,2.6049297862,1.6773548599
1604,1.7441432883,-0.5696072915,-0.6543945195,0.5557220431,1.4392205091,-0.5676598576
1605,0.857864833,1.7963553565,-0.3786455571,1.0035868111,1.6791167553,1.3819563902
1606,1.7599819474,1.358347844,1.5680426213,1.9874291797,1.4997229714,1.3426725167
1607,1.0775604368,-0.2165137165,0.4921458075,0.0886320956,1.3666976313,1.8853942605
1608,2.4703889804,-0.2407737525,1.60066614,0.6891420126,1.6452594732,0.214266006
1609,0.8885451352,1.4292377828,1.030173345,-0.3262971796,0.2275439021,3.2589780216
1610,1.1920328341,-0.0711930505,1.5227376261,3.3989935653,1.2749526841,0.7905030795
1611,1.9495249302,0.4098297728,-0.6750805953,1.2391998043,-1.5662257906,0.4930120697
1612,0.3375752265,1.8277793528,2.1142772605,2.1229135107,-0.9083624606,-1.4358106408
1613,0.0787841688,0.9857643692,1.167439555,3.1121331723,1.3664742446,1.3795255449
1614,0.6472084448,-0.9945355309,2.5525656175,0.7003571908,0.3167134046,1.3504608212
1615,1.7045306403,1.0942453553,0.2918947592,1.9300904031,0.3086679685,3.5052096709
1616,1.377291065,0.7082640804,1.3475826853,0.1610467447,-0.5217913782,2.8658093071
1617,0.505548879,1.7783416657,1.3027362835,1.3625560907,2.5732580077,4.6588496595
1618,2.6138813073,0.472193221,1.3068423755,1.390175129,1.1626962106,0.6221819288
1619,0.9913207341,-0.1261258137,0.0854373849,1.6683683472,0.9166896314,1.2727543157
1620,-0.2740538349,0.2150668072,2.413386027,0.9926096887,-0.6476657571,-0.655909939
1621,0.5932831429,-1.5923907504,-0.3531489184,-0.545459998,0.5710007505,2.5005012725
1622,2.6876734403,2.788339556,1.7014537878,1.3811992276,1.7413825799,1.2851629956
1623,0.1768406842,-0.2235228963,0.6655863573,0.7844659791,1.3602484235,1.5227369757
1624,0.4068127978,0.5765358474,1.6371990472,1.3670917919,0.9289129637,0.7199405552
1625,-0.2713832475,0.7573998382,0.4961783379,0.8997931902,1.9854503079,0.461770497
1626,3.0004249102,2.2729898956,1.1037026244,-0.3534754061,1.5670678971,0.9879833426
1627,0.8134249278,1.8873657941,1.5247314707,2.8330512742,2.0933916397,0.8872990967
1628,0.7915083403,2.119044418,0.0806067494,0.3288452471,-0.0362657341,0.471880594
1629,2.2141227198,0.4271521586,0.6576034478,1.0203346937,1.0439982111,1.172268298
1630,0.5107898545,0.808780095,1.7922470402,0.428473968,1.9797548949,1.0438740223
1631,-0.4275091557,0.9704830178,0.5873141596,1.8306511405,1.636386049,-0.9114850952
1632,1.7144646394,2.5156772632,0.8946458607,0.6967144653,0.229877444,2.3289395956
1633,-0.2312687581,0.3104572384,1.8248884949,-0.1369681502,2.1703353876,2.2952659837
1634,1.3948100812,-0.4475446046,1.2652690289,5.06154509818391E-05,0.817055665,0.9614208372
1635,1.1751726534,0.9197729976,0.0135898455,1.098056716,0.5873289083,1.2141086769
1636,1.9617269834,0.6372605182,1.8837272104,-0.6602013511,1.0701076896,-0.6133594049
1637,1.5832404987,2.2121312865,0.4058603468,1.9769289315,2.6942766029,0.6793754785
1638,1.0742823853,-0.6679688126,-0.2395456091,-0.3631375362,1.5973431246,0.5388302814
1639,1.1728793725,0.2614361521,0.4421142319,1.9199282697,0.7652431004,1.2556224254
1640,-1.4141919614,0.8431047726,0.9147756369,2.2254361863,2.0294077574,1.4807496771
1641,0.060364998,1.4676088314,0.1860533096,-1.0740693522,1.1160507941,1.9666867814
1642,1.7868233856,2.1960440896,0.2662069392,2.8826788238,0.8860046655,1.2256065183
1643,1.5497327147,0.7803302027,0.2357860296,2.0321190669,0.7680726821,0.4358361576
1644,1.5480866473,-0.4904425101,2.0695425697,2.9538314879,-1.0737009076,1.4460794917
1645,2.4659224234,1.5271670552,1.6738251301,1.2876944397,1.2511562379,-0.8038923873
1646,0.2314033615,0.5548016476,2.3381487668,0.8975703237,1.1839829606,0.0663295845
1647,0.3439902615,1.2001120948,0.2019989616,0.7800210448,2.1115060943,2.4756636184
1648,0.7639556269,0.7894967662,-0.0348071617,0.4230469952,0.7260557273,0.9553253077
1649,2.267359024,2.2590589338,0.7305967324,-0.1583435814,2.0746399837,0.6244261458
1650,1.1456109801,1.3748854399,-0.1907664835,0.9058763046,1.9332255973,0.419648829
1651,0.9162324216,1.605414343,1.0627507063,-0.1625008757,1.6065586498,1.4384516847
1652,-0.0905638296,0.7811420503,1.696212167,0.3138379753,1.6588383726,0.5380476538
1653,0.9860759328,-0.3434502156,1.3970319571,1.0219239449,1.3267830865,-1.2671090455
1654,1.8536598467,2.444429259,-0.1306637137,2.9630120059,0.4033853538,0.4440435713
1655,0.9831566362,0.9747382575,-0.3398763194,1.4575335094,1.8211082319,0.3010159516
1656,1.6295837392,0.9838633784,1.7372381604,2.4807326982,0.7653230433,-1.3086094581
1657,-1.4564969443,0.3684560635,-0.7171553536,1.6869862331,1.0350222644,2.2538236867
1658,0.1396417588,-0.0855960589,2.0538724828,-0.1929194003,0.4365229868,1.1287167979
1659,0.4978963464,0.6085318175,-0.6560302683,-0.0086561281,2.8893544773,1.2300835297
1660,1.193759504,2.1733751509,2.0026827791,1.0409471158,2.5648237496,0.5803425828
1661,3.2429009132,1.0664485803,0.5470231753,1.1048462274,2.5890902169,0.3423959268
1662,1.6100737791,1.2425535382,0.6333001011,0.6091848551,0.9568170289,0.5177828737
1663,1.1067534654,1.5742228208,1.3782440019,2.1460832556,2.9339065229,1.0113760546
1664,2.3986843759,2.867949938,0.1740932456,-1.0903489373,0.4410848975,-0.0026914817
1665,0.442545672,1.0015838738,2.1505149381,0.2618791789,3.0508125381,0.9159744723
1666,1.197444129,0.5180340403,0.9872952699,1.0731115001,-0.814923285,0.6998198363
1667,1.4122369713,0.5385749767,0.0501654402,1.648178798,1.1510482042,0.4542821587
1668,1.1910633165,0.2315428312,2.956348576,-0.8770978823,1.7661602845,1.7583649738
1669,2.3760289143,1.3957251587,-2.3579144744,-0.457835226,1.90817121,0.6349466845
1670,2.6646149247,-0.2157754362,-0.192409215,2.7170998,1.3649627412,1.1695946377
1671,-0.1923355138,-0.0013792073,-0.7361648687,0.4064847037,1.9960229675,1.4956137324
1672,1.5068927638,1.1784002633,2.5116375889,1.1758055017,1.5527177557,1.5480663125
1673,0.4384498869,0.4631059868,0.6876538859,2.154667998,2.7790010325,1.3199640241
1674,0.1179205914,0.9241384688,2.1060443226,-0.546186125,1.5806654913,1.5336919282
1675,1.6872811835,-0.5275913388,0.4160407026,0.6305152288,0.7798043089,2.0381808457
1676,-0.3803523058,1.4684905056,-0.0587240078,0.0764382026,1.1872200347,-1.4906880617
1677,0.2520845172,0.5317490386,1.0875043476,1.5688282144,0.9128386648,-0.0494457526
1678,0.7768710317,2.3652837093,2.2727484922,0.9996156251,0.962022665,2.1829940859
1679,0.9519802123,2.1857806041,0.6711147502,0.1927455998,0.6365606055,1.5493812349
1680,1.5179767259,0.6602604474,0.8945798757,0.7077402967,2.6656327284,0.4743361093
1681,-0.0689799218,1.8488184986,1.9659120234,1.2821657029,1.5927326922,-0.2645361225
1682,2.5157168394,0.5724143996,1.1375611098,0.3479798214,0.778946959,-0.4661335404
1683,0.463625512,0.2506408826,2.4214245543,1.2464846793,1.0511835902,2.1031121808
1684,1.5566305154,1.7399357717,0.5475933584,0.3042001056,2.5241587458,-1.1496785192
1685,1.128911027,0.2978471163,1.5882551256,1.7934684085,1.4098024039,1.9051150864
1686,0.945212598,-1.6787859685,1.5271336658,0.9237440381,1.9110958524,0.7691266779
1687,0.4454230172,2.9936477131,2.282832823,0.7017582042,1.4609351839,0.6995486685
1688,-0.4707753619,0.6805995496,1.5927666255,0.2458895022,0.8492647131,2.4223028743
1689,2.1372553151,2.5379157012,0.1879433133,1.0283090509,0.457195108,0.4371736917
1690,0.5471804269,-0.4721732997,2.0446280207,0.7351746847,0.0045498484,-0.9774593901
1691,0.5772532648,1.4768460257,0.3806990479,0.4541067373,2.4159428238,0.007178732
1692,0.9202169061,1.1606214003,1.6145938998,1.4287698473,1.3956621097,1.291325607
1693,1.6013830968,1.736668975,0.7547973919,1.5731654585,1.8481312398,2.8757479655
1694,-0.8090617736,2.2083126875,2.0411219605,1.185396708,-0.1451131935,1.4138785185
1695,0.0392230205,1.1573502444,2.1745908053,1.756046315,2.0544276045,2.5726814072
1696,2.0354596536,1.1055010418,0.1419733891,2.5760161719,1.1532882876,-0.2436407732
1697,1.4576481227,0.3999139281,0.081432012,2.4194349421,-0.5119949826,1.7669086302
1698,0.4029609597,1.4813796016,0.0569413655,-0.1611429338,0.9696223134,2.8875120858
1699,-0.1204501468,1.162899468,1.9479009077,0.6679275877,3.1413652897,0.6809631874
1700,0.1220381386,0.861441739,0.1151175965,1.347223687,1.6322043068,1.1408121785
1701,0.8724494727,0.7747983102,-0.2775841427,0.6131258885,0.7338691525,-0.3634369278
1702,2.7873419515,0.2776453879,0.9800832291,1.269760101,-0.475530174,1.5044589869
1703,-0.1293944865,0.7584648286,0.7249949543,1.6994739272,1.432536571,-0.7802227087
1704,1.6537972863,0.9994211241,1.5672184597,0.0341677841,1.3210457846,2.0005121761
1705,-0.8950732718,2.2172680734,2.8012971325,0.4061733354,1.0741549745,1.1603865601
1706,1.044322939,1.1647472333,3.0552392042,1.00374974,0.9129633652,0.1651292406
1707,0.0445786172,-1.6121173044,-0.4558024293,2.5765425181,2.0285058106,3.163849089
1708,0.7216326385,0.3292585968,1.7605496909,-0.006753504,1.2477198451,1.0375227637
1709,1.3172544118,0.9721037937,0.4429317209,0.8394479574,2.3648719963,1.6485658206
1710,-0.4444540563,-0.120660979,2.1396091894,1.2822747682,0.2785802508,1.6011330863
1711,-0.0883846221,0.3715722945,-1.1539685468,1.5907282137,1.225140981,-0.0772678505
1712,0.4910589538,0.7090617256,1.9413977568,-0.2888429061,1.3843205223,-1.8659048955
1713,2.0382663228,2.6023669702,1.0134902103,1.2976315191,2.2628921168,1.6455352285
1714,1.1400495541,1.5021018169,0.9164874908,-0.1199889839,1.8111844496,1.046765096
1715,1.3419588651,0.8939698885,1.443083876,2.2657709605,1.0727234466,0.4123577247
1716,0.8264422821,2.976375531,1.760425947,3.1851656658,0.8623062744,1.5877448779
1717,0.6044721325,1.3844506363,-0.0570245572,-0.1033419064,1.4375333905,2.5213396899
1718,0.6141755524,0.292697144,1.0451217715,-0.2732414413,1.5927012634,2.1389733247
1719,2.0425500838,1.1405896495,2.6058229835,-0.8991052426,2.5401952329,2.7625208749
1720,0.9719342971,1.838077893,0.9559064506,1.0551457301,1.8324035764,-0.4216811277
1721,1.3121431904,0.5900380369,1.7993534377,1.8788812561,1.1560744227,1.8477277273
1722,0.2630747597,1.0426883047,0.4632016272,0.0908482063,0.4370973314,-1.2590467628
1723,2.3929495642,0.4169463419,0.7722099439,1.6716268443,1.1263391746,0.6162350158
1724,1.3484694343,0.4763128102,1.3750031749,0.1384579355,-0.1164042003,-0.517366633
1725,2.8077842293,-0.8635021157,3.3128362186,0.9089827244,2.2157503218,-0.1556890007
1726,2.5095005283,1.6481951933,1.3909685237,-1.5875259017,0.9280606831,1.2451361143
1727,0.6853739867,1.5056694743,1.0367422841,1.7640965134,-0.1537192739,-0.2311036651
1728,0.6702131266,0.9856714792,0.8861498205,0.1431886354,0.2803540463,1.8439772687
1729,0.2849696228,-0.2083945514,2.2003910074,2.6973747979,2.0833147774,2.5031680583
1730,1.8790159123,3.3826444795,2.5650617168,0.2570785914,1.9366609677,2.1948433961
1731,1.2106622422,2.8199046814,2.0665467944,-0.3976343552,1.2612733693,3.3542854995
1732,2.7685194027,1.2649824574,1.6978277663,1.3044540164,-0.564066028,1.27302877
1733,0.7248407455,2.9499086065,1.8630528782,2.6360919817,1.4006378219,0.776742419
1734,-0.778813808,1.5527626362,1.9153946916,0.834909092,2.9462985337,0.8544304488
1735,0.9441963327,0.0787464554,1.4799934016,1.5032410933,0.5797775576,0.3460116062
1736,0.4037010507,1.5782589657,2.0387789276,0.3573030398,3.01922811,0.8576873241
1737,1.627516997,0.9925859722,-0.355758883,0.3001635697,1.0621024904,0.6205350033
1738,-0.2016979123,0.4136670587,1.7771123166,1.4022369736,-0.2441400864,1.7144815641
1739,1.5709297377,1.0669091234,1.7220026116,1.5368927724,1.7481379075,-0.1873381448
1740,1.2658721696,1.9896468604,1.3450558537,-0.3787021205,-0.0525106463,1.475874638
1741,0.9996112107,0.4335000106,1.3182854388,0.1685543291,0.5008277887,0.7184974637
1742,2.6080399381,2.9814728979,-0.1660948457,1.2728171019,1.9413148916,0.6404558207
1743,1.0012621361,1.074404333,0.6176835895,0.5970278128,0.6226322077,1.2014130371
1744,-0.664699948,1.5813861071,-0.2317239286,2.3694859192,0.6874294949,1.8726655434
1745,0.4277340557,-0.1777298458,0.8747870564,0.7617815398,0.3103940461,-0.5524790062
1746,1.3361804836,1.757213838,1.2342691798,1.8094644722,1.4303389047,0.3037665631
1747,0.2104529749,0.6666758174,0.147692139,1.0176163983,3.3428302829,-0.2142896496
1748,1.0040899312,0.4742143704,1.1229286123,1.2999764456,0.5198813216,0.7091181937
1749,0.4709605255,-1.1284385757,-0.5233426948,0.8941353291,0.9376299309,0.605995891
1750,-0.1776519842,-0.4508642821,3.6084082509,-0.0626255686,0.3415586018,1.2436851873
1751,0.7568172606,1.3650174186,1.6365723948,1.1327998343,2.1251229308,1.8817248177
1752,2.4383144398,2.4627101795,1.657547851,0.4105392459,0.1959528334,0.5405986815
1753,1.20026424,1.7542350032,0.6275766854,1.9061838753,1.8497353919,0.7746287301
1754,2.2200065983,0.4617448066,-0.0998724892,1.4702561346,2.0275829179,1.0819808933
1755,2.6886021175,-1.2431234877,-0.2625706764,1.4355895208,0.8188876331,3.5512306785
1756,-0.3285898549,-0.8064812687,0.7901020421,1.0375063625,1.3253291375,0.8850147362
1757,1.7857988722,0.2494554447,2.7717738129,3.8378170559,2.1188544713,-0.6119615802
1758,2.1802391891,1.3413463071,-1.2060831315,0.5838834411,0.7586205429,1.4084626303
1759,1.4619744934,-0.5348038716,3.0829699513,1.8111226036,0.3592286124,-0.098625146
1760,2.0347061275,-0.3251127389,-1.2751484291,0.9427825605,0.6381488372,0.9215126076
1761,1.0720170326,1.1339393736,-0.1144450809,1.8407779935,-0.4196285691,-0.0761614885
1762,1.1696418202,-1.0558148941,-0.1764503592,-0.2226468409,1.9449082114,0.3960501519
1763,0.6286073217,0.8728236664,1.5254725512,0.3166580761,0.3573601216,1.1270049516
1764,0.9954500436,0.5958014863,2.3614241778,-1.0018321935,1.9077110776,0.6410695868
1765,0.1088721463,1.6256332926,1.3829836792,0.8920870563,-0.1340649921,-0.4968456072
1766,1.6024747218,0.7311987967,1.2000894809,-0.9430097786,1.590151887,0.4524744406
1767,0.7631577674,1.0662459643,1.4431835338,2.5297929248,2.2763150687,0.657745989
1768,0.7717981287,1.503236057,2.1258860477,1.8500600307,0.2093417901,2.0338359796
1769,-0.3063345321,1.8120274375,1.0731728702,0.8815329279,3.0448352754,0.8134886575
1770,1.1087543896,-0.4066041082,-1.3110432481,1.2595735743,1.4073751832,1.3684301788
1771,-0.6712218106,1.2091686307,1.3619832783,0.9949395298,1.6753745725,0.9568303666
1772,-0.0335034031,0.5577690357,1.5119790193,-1.0859206265,0.9723102888,1.4214424322
1773,1.5857748172,0.0953155626,-0.2123161936,0.2137060389,0.7909461137,0.2386549542
1774,-0.3067668521,0.9397117283,-0.742579322,1.2951543938,2.1687165984,1.4889158586
1775,1.7451584462,1.2748224699,0.1636911259,0.7100386305,1.9026942331,0.7232279649
1776,2.4235951421,-0.363527556,1.2247731962,1.3160036061,2.7868786113,-0.2044049799
1777,2.3566204396,-0.024836646,2.2565252481,-1.4080101573,-0.2489103685,0.5618466203
1778,2.9313543684,-0.1206059536,0.5212905001,0.1988266112,1.5079425812,0.4689311479
1779,-0.3843324946,1.057852878,1.6165115218,-0.0935442564,1.0681171437,2.1143520909
1780,0.1965266849,0.7989453982,0.2561624408,1.0529415771,2.3890983274,0.356255606
1781,1.2014697629,1.8622086368,0.9476025771,3.6425402044,2.4232669504,0.1489140212
1782,1.5160957168,1.6990438905,1.48483511,1.346212398,0.6614274793,0.3320406682
1783,0.6150649139,1.1938010904,0.9108207495,0.1512977408,0.5073776317,1.3591682206
1784,1.4023069142,0.7654880978,0.1288639396,1.0258711479,-0.0035405093,0.1299179593
1785,1.1799680878,0.9004041465,2.3122762649,1.0047698235,0.3438732155,0.3527821247
1786,-0.5777998669,0.3853264767,0.7361524629,-1.2399385029,2.6945251862,1.8597731214
1787,1.5632656659,0.1558685968,2.0842504922,2.6290286871,-0.1996944411,0.6684951152
1788,0.4417220265,-0.3043154789,0.8272364818,-0.0601541648,-0.3011101683,2.5856100642
1789,2.3689230813,3.0005661374,0.4169924683,1.3883527911,1.8584229367,2.853489285
1790,0.2438010059,-0.0516208403,2.2193446163,1.6646720755,-1.2903103562,0.3987319545
1791,2.3305981098,-0.1482715997,0.7300296482,1.1519637253,1.8994826106,2.0842756302
1792,0.8465555837,-0.7695796405,3.0959338336,2.2054921912,0.9182958211,0.6587962912
1793,2.1489334673,2.1053601595,1.0295737362,-0.6788112936,0.97506933,-1.1007708446
1794,0.316883917,1.1581514323,0.264532113,1.281217596,0.2825259946,1.7322284207
1795,2.5226655817,2.5731722139,0.8717012544,1.0729483265,0.5303657885,1.4780713462
1796,1.4406989779,1.4744660208,1.2732569541,-0.4756057142,1.82241149,1.4644600622
1797,2.545980291,1.9481027798,0.092426071,1.8468197962,1.3346872931,1.5641407853
1798,2.4820821257,0.2392855684,-0.4741145669,1.2984131352,2.3176424069,1.6735291072
1799,1.586519741,0.4505756519,0.9578904106,0.6838124126,2.040593597,0.9801857502
1800,2.3363424602,0.3277433788,0.3706086705,0.8690135512,1.1439026302,1.7175846337
1801,-0.7695963135,1.6700180304,1.2793097382,0.0781404055,-0.2505277823,0.6377844193
1802,1.1277835414,2.8445919915,0.4047697888,2.3347203229,0.1130700912,0.5895469292
1803,0.4497687908,0.4904312434,1.5722430969,0.6413548286,1.108108444,1.4711224203
1804,0.640079901,0.7878476883,1.9169142523,0.1083712412,1.3432809325,2.4060717126
1805,1.9013245266,0.7120607505,0.0957875012,2.4677543187,1.5501394359,-0.6463669199
1806,2.7976622058,0.8044125614,1.8542729524,-0.2754256142,2.2859871252,0.7675731198
1807,1.4392377663,2.1505790149,1.3941094117,0.5925559135,2.2545450163,1.230597502
1808,1.5455036731,2.9996554568,-0.421676343,1.0057068214,1.8729389343,0.8375789426
1809,0.0488102195,1.0885518787,2.1580845976,-0.3180497947,2.0634963196,-0.3978818984
1810,2.4523140782,0.0100562389,0.7266067019,0.7666643753,0.6329709531,0.8910429172
1811,0.5094928487,0.5844216037,-0.7998476226,0.7438861011,1.9884355064,0.9009612542
1812,1.6383743918,-0.0248419132,-0.5931180364,0.9956189381,0.6074359428,0.894605926
1813,1.7363166652,1.4483004332,1.6897155644,-0.3844051554,1.3021349097,1.3021792952
1814,1.629141064,0.5168252367,1.3662687878,1.3711020023,1.1410128648,0.6066399675
1815,2.8084971407,1.1575835694,0.469201737,0.6386603346,2.421124742,1.8077767952
1816,-0.0029861327,1.6488072963,1.8991750819,-0.037853449,0.0842121829,0.2173804948
1817,1.0447331474,2.3045714884,-0.2472257751,0.2757503307,0.0673862431,0.7992623172
1818,1.9254293394,0.4755129282,2.23865314,0.7662438015,2.5607452612,0.6125462868
1819,-0.263332162,1.5800042939,0.7086177726,0.1452199169,0.1041790939,0.8280706354
1820,0.6561744932,1.7683345348,1.3847807898,0.9037194249,0.5029761439,-0.222665716
1821,1.0435240422,0.8802186474,-0.1534211392,1.6567787315,0.0380475629,2.3854691629
1822,1.3348965576,2.5374167566,-0.4182813433,0.4342118191,1.5291715471,2.8347426959
1823,-1.4771289526,-0.6101462325,1.316932645,1.3746334887,-0.4720214654,0.5093816719
1824,0.7239233645,0.9210753729,-0.1122572038,1.249366201,0.9976862012,1.0999179689
1825,1.2490257333,0.6020961258,1.7130727461,-0.0224867585,-0.7039550656,2.7062654439
1826,0.6462883076,1.0363264645,0.2484549962,1.515317718,0.3544058436,1.3021224079
1827,1.5695877766,0.9697805172,1.8299362924,2.3577163757,0.6730783801,0.6689895925
1828,0.8510140633,0.6936625991,2.0010173041,1.1294944955,-0.1631109168,1.2205652969
1829,-1.2011727653,-1.0871755363,0.535528062,-1.9606263449,2.5388714051,1.1793057025
1830,1.5802373896,0.513836738,2.6366383026,0.0630449473,1.1324078995,1.9870022012
1831,1.327699617,2.1271219507,0.4972756719,-0.9778851549,-0.0613619056,0.5710532316
1832,1.8255477414,0.137797923,1.1286476126,1.8614995502,-0.855755113,-1.0172364365
1833,0.6994858745,1.1711249776,1.3784310129,0.8823607203,1.2486399075,1.5197718408
1834,-1.2581742407,0.2474266681,1.5292864412,1.8647695109,0.9296576523,1.7691262389
1835,2.248788805,1.7336792964,1.2265537942,0.3418553218,-0.5784985615,2.8484594332
1836,1.9547786331,1.068328149,1.4265844744,2.8476360224,0.1834737648,2.3543173034
1837,0.6066014386,1.5977092661,1.5115448244,1.4128602169,0.9356807173,0.7357116411
1838,2.2215178712,0.4067113127,0.6164972558,1.1116476657,2.0019973782,-0.0625901267
1839,-0.3147589805,1.8235952797,1.500899825,-0.1451605752,1.439866506,1.4788194087
1840,0.6482501706,2.7601900263,1.8270752054,2.7001329371,1.1401140492,1.106047464
1841,-0.5645385963,1.4780441847,0.3584144085,1.0188523942,1.8811835228,1.7828098738
1842,0.4194369571,0.0117014901,1.5311974691,0.331932569,1.882124906,0.2387032254
1843,2.730261068,1.1472708432,0.6756226282,0.2044878641,1.8137741863,0.8768699553
1844,1.4818176882,0.1889315192,0.9093179176,-1.3480957933,1.3651073902,0.4199462732
1845,0.6390162584,0.0944140681,-1.0671683956,1.8315188137,1.3135241101,2.3033847973
1846,1.3944239843,-0.8388899496,1.0051863803,2.2901411206,2.4049947702,0.1839475253
1847,-1.5812966669,0.8048950694,0.3577465887,0.249201793,-1.1740873891,0.7753628457
1848,-0.5328872488,1.4790967861,2.1901812623,1.1062833354,-0.8602786505,1.9625244224
1849,0.7358211301,0.9525812595,1.0427371686,1.2504844141,-0.8340795736,-1.1930452178
1850,1.7116406573,0.3289661187,-0.7481614069,-0.2683336456,2.6342401402,-0.0366700824
1851,0.4830479867,0.3961223976,1.3047205976,0.9616696007,0.8244485677,0.6255698695
1852,-0.2408827185,1.6081938037,1.3593242963,0.0261956291,0.5343802826,-0.0961834978
1853,-0.4554056481,1.3665738606,1.4766649396,1.7900534246,0.9860309474,2.8533140156
1854,0.605574431,0.2399052407,2.177207327,1.5898282838,-0.3344923684,0.3457354641
1855,-0.5642761731,2.5029603751,0.9278817475,-1.1772261326,0.4251211775,-0.4694790943
1856,0.4192646526,0.595442229,1.5906382018,1.2530427898,0.2650355001,0.9893014389
1857,2.055456273,-0.087313272,1.3877129081,1.2742300394,-0.5760330572,-0.2177854083
1858,-0.0137653708,0.9942751819,-0.1370445645,0.8399050484,0.6114049382,1.4486289975
1859,3.1526867623,-0.1825640576,-0.1717702306,3.2726318808,-0.1648039049,0.3376736274
1860,0.9217203492,0.3610274087,0.0554346249,0.002762546,1.023564261,0.5276704104
1861,2.6241048501,1.8440169362,1.5638948497,1.4011537171,0.6728625778,1.270964261
1862,2.5077574942,0.1302793629,0.8259932853,0.7648315603,1.2794184323,0.6262381851
1863,0.8596034087,2.7946506645,0.1553355723,-0.9227364498,1.0060030729,1.2667378579
1864,0.2186507623,1.9611169197,1.5412278505,1.3618069007,0.2519851098,0.0255815094
1865,0.779702124,2.3787936114,1.6816096702,2.5447669396,1.5488909311,2.0494142077
1866,1.9278269478,-0.8967827555,1.3148301536,1.9910972299,2.0678649418,-0.1148247842
1867,1.5554042985,0.2268837971,2.9037695853,2.5058972167,2.4426144538,-0.1366477893
1868,1.3191654895,0.1482074675,0.463878652,0.5443628875,0.9968974423,1.0778726813
1869,3.0895503836,-0.5434864232,2.03238796,1.2890228099,0.4457570042,0.1525663792
1870,1.3059615457,0.8401727051,0.4219561266,0.8061052513,2.3414283737,-0.5589111184
1871,1.5983475164,0.6800885487,0.8305487367,0.7590453639,0.2029950378,1.9187253191
1872,0.430697995,0.4103383353,2.3317805046,-1.3755911399,2.0176406558,2.3197625957
1873,2.5369243258,-0.3802598886,0.4478089101,2.2166774685,1.2017299038,1.5008041499
1874,-0.7084398969,0.0956247103,1.4433137615,1.1152771255,2.498460029,2.789256806
1875,1.7960775263,0.4580753176,-0.5776973781,0.6647623842,1.4665062615,0.7314978635
1876,-1.1891087137,1.0637241761,1.1918250415,0.7559562451,0.8100396817,1.3687242192
1877,1.2697058252,1.1050363781,0.9224325259,-0.2098405962,0.5868674861,2.7045418058
1878,2.288705587,-0.5536968123,2.038828132,0.2324554783,1.1284655352,0.6382765082
1879,1.5116506176,-0.3259999696,1.4594026296,0.2868652655,2.1241222612,0.9407323344
1880,-0.25804232,-0.0543736386,-0.4284064279,-0.2517760461,-0.8126946474,1.9850146854
1881,-0.8814228356,0.3766653205,1.2791052849,0.7589735379,0.2494399841,-0.0280490763
1882,1.5271289797,1.2926027169,0.13134863,0.5035532937,1.2153225669,1.2002638841
1883,1.595003888,2.0601397606,3.2425584499,0.0470033784,0.983565954,1.1299747401
1884,1.2314802374,0.2740213486,-0.2458277703,0.1377762885,-0.6243611844,2.6576473653
1885,0.7158266426,0.7249456222,0.4586118041,2.9555678208,0.5920095727,0.2392576367
1886,0.8433737043,0.8149519433,1.1002900109,0.5990878247,2.1512286886,0.1199263579
1887,-0.2019068448,0.129154979,0.4328753367,2.9551985492,1.9621584479,0.9059597681
1888,0.1196410717,0.5818273375,1.3165563217,0.8798875521,0.4731636097,0.0553081283
1889,0.6768661474,2.1001568116,0.2466531923,0.3856755721,0.7706402082,-0.3582282508
1890,2.2701983504,2.2938925662,-0.2104302582,-0.2352211338,1.8601003687,0.5380253165
1891,-0.1833165993,0.5582438978,0.6747754869,3.2108586524,0.5400517188,-0.068403077
1892,-0.7651405416,-1.0757334209,1.1487315777,1.0681129088,1.9038237076,-0.5496642496
1893,0.8964163995,0.5926487022,-0.0712340943,2.0287391953,0.2565114074,0.9786483749
1894,1.7209441191,0.8808298713,-0.2347918086,0.1477674623,-0.0398640851,3.7651542006
1895,-0.0886444404,0.3892236544,3.1359108338,1.3711349148,0.3928277029,0.3229924783
1896,2.0126563583,0.3781665107,1.4845887895,0.5688748019,1.2956040932,2.7412714693
1897,0.1665677959,1.4203302383,2.2664157947,0.3126469155,0.9091058843,1.3402517804
1898,1.1228757042,0.8225352079,1.1308728912,2.9502070409,1.8745309508,2.3333973565
1899,0.7467757617,0.639328968,1.1472205479,1.1849656639,0.7826982109,0.2080314474
1900,2.7792689747,0.4905772079,0.3337101658,0.7915847208,0.7525480807,1.6799931274
1901,1.8601552892,0.4605197557,1.3125704076,0.9579212442,2.2901560271,2.0554664586
1902,0.6311086151,0.1918447331,0.8570690792,-0.6719679742,1.860700118,0.9699566817
1903,-0.8937903158,0.8114521934,0.2721224615,0.9870005744,2.7167981413,1.7156238112
1904,-0.773435021,0.7463407869,1.6613988685,1.8366830521,-0.0674057249,0.4049061173
1905,0.4792447455,0.4536006473,1.0081185642,1.48312526,0.8804304416,1.9841147241
1906,1.2464023754,1.0926939869,2.5524187155,-0.3961844034,0.8555068969,0.0635164946
1907,0.3199258587,0.7307137025,-0.7377428824,1.1832864652,0.7796789687,2.613308997
1908,1.7619239285,0.202256811,1.310566193,0.2668701152,0.3659522492,0.3066385671
1909,0.2577360195,1.232743294,0.8359477048,0.0845815153,1.0701331448,0.3873130444
1910,2.2727577573,0.3959988194,1.2451225598,1.3105778914,2.0898337543,1.6230920366
1911,2.6977365137,-0.8349490517,0.2559076827,0.5067832041,1.3982671491,1.5619074383
1912,2.689160565,0.7139702491,1.5896824151,1.73574246,-0.2017503362,2.3398844943
1913,2.7490515536,0.375689749,-0.2180492357,0.6467397447,1.6497170634,1.3119229089
1914,1.8020583599,1.6770411164,-0.3329209102,1.429468875,1.3424443406,1.5943132289
1915,2.5379563898,0.8075001574,1.4270505521,-0.6930561544,0.4329418657,2.7591452468
1916,-0.0198258056,0.5536047482,1.1857999952,1.8834786252,0.9656531711,0.9158487301
1917,0.9141785958,1.8136598411,1.4086308398,-0.1661942667,0.8811314258,-0.4431782899
1918,1.0570222775,0.470891969,2.2950354436,0.7536851115,1.2952466824,1.2729173249
1919,0.3184075392,1.4431525554,0.4765839555,0.9892771218,0.2434464781,0.3847339318
1920,0.6997909871,0.3827284247,0.3578238842,1.6460041974,0.4688712244,-0.0469749607
1921,-0.0473770043,2.6998103946,0.8367681556,1.5931914258,1.3107652934,-0.6237011095
1922,1.533104198,-0.3471222498,2.0692738645,2.3989867985,1.316823556,0.1962745496
1923,0.4728908838,0.7569445776,1.3290764303,1.9517625861,2.2598515592,-0.1547436559
1924,1.2015215522,1.511957431,1.5924215572,1.9513115176,1.120897189,1.7736974708
1925,-1.3705429948,2.3054626774,0.0575153449,1.7400099665,1.3667478917,2.4092395121
1926,1.3426329984,-0.8440336728,1.6970839499,0.0964620429,2.6717817487,1.2033059025
1927,0.4159835937,0.4316294577,1.7266924276,1.692781601,-0.135467717,0.3772507364
1928,0.2896533276,-0.1604713365,-0.1400002463,0.9490566479,3.0288521648,0.8686440225
1929,0.2215093378,1.8556717006,2.824085931,1.1930586705,0.2514534695,1.3087295626
1930,2.3534999073,1.6424169821,0.0612018571,0.8237244199,1.0745155171,1.3124451462
1931,-0.3541063409,2.5006796461,2.7759662923,1.4786997015,0.2297198152,1.8268703077
1932,1.1680964626,1.3484277265,0.8926803604,0.0579787136,-0.0030508902,0.4906706181
1933,1.0733953212,1.8775745318,0.711129541,0.2845598527,-0.3218084108,-1.3307323476
1934,0.7167025663,2.952543441,0.2802609558,1.7078264221,0.8314308224,0.0665003667
1935,-0.6785472569,2.0367191076,0.3274515122,1.539398861,0.4703383192,0.5573214822
1936,-0.1422231813,1.0508178241,0.9262239064,-0.5228349212,-0.5110193412,1.8030977202
1937,1.3284838073,0.8890701068,0.6331225697,-0.8698266295,1.2663082819,0.0647980555
1938,1.4360605088,1.4495004966,2.489971524,0.0957934711,2.9105907555,0.0889723981
1939,-0.0791774709,0.3712617367,0.6285111452,1.8370456808,2.3422568703,0.1054858573
1940,0.6453910883,1.0501282887,0.2120593584,0.7568725564,1.1448285003,1.1930108118
1941,1.0180791874,1.9117197947,1.0007562927,0.1160580698,3.3810891191,0.8500062696
1942,-0.2239038696,0.9305073546,1.3249333322,0.2465347507,0.4566574942,0.9071873553
1943,1.2311742616,0.9327090744,0.6837727945,0.6817595441,1.9130384595,2.0735063256
1944,2.3513939152,0.5110339706,0.8791923687,2.2419171742,1.7785940388,-0.6287081203
1945,0.1819793262,2.757361597,0.3142771769,2.9871445232,0.396481033,-0.1280170778
1946,1.0984333796,1.8442946412,0.4964744788,0.3342781488,1.7743299705,-0.0780538608
1947,1.7777645698,1.3040319056,0.7357028798,2.2401030868,2.0945936607,-1.2856094552
1948,1.3201929105,0.2465778162,1.5089375694,0.0178192275,0.89436588,3.0589654374
1949,1.9849888699,-0.0962595576,1.7525861267,1.6025918041,1.9620114907,0.0308910452
1950,-0.8656066794,0.7843884966,2.1312519698,1.272318706,0.7104663989,0.9290820051
1951,-0.0089635384,1.1902032672,-1.6897653134,0.5580158988,1.9136641104,0.4000904425
1952,0.413592268,0.9162128394,0.0557803456,0.7499884652,2.1705870024,2.0222678486
1953,1.6233657386,1.9707426926,2.8301407839,1.5593179157,1.4353554664,0.806778242
1954,0.9450526492,-0.591854862,0.3913789083,2.7382424994,0.9493252288,1.3181384492
1955,2.5775979402,0.3226001939,0.8975783006,2.092967837,0.0133322613,1.0891417561
1956,0.2144017001,0.028184398,0.6089707235,0.7724513622,3.3962856386,1.3437631327
1957,0.7802562789,0.3762318308,1.6022063314,1.8168175751,0.7161260914,-0.7382072962
1958,0.2917970609,1.825296806,0.5477689343,0.5645315645,3.125841213,1.9956105098
1959,1.1310099354,-1.1667076664,2.2499368395,-0.6357456147,0.1855265697,-0.1231926778
1960,-0.2077837932,-0.7759623943,1.7687187511,1.4949615039,1.8140930236,0.4852642191
1961,2.317687625,-0.288932266,2.368464198,1.9672879749,0.9802156672,1.4107069502
1962,1.809278792,1.7005157995,1.3141869948,0.6375208452,-0.2568130988,0.1460375305
1963,-1.9995385569,0.8223545603,0.808803292,-0.0707914039,0.627526524,1.8595413989
1964,0.3175391371,0.4933027334,0.9921702316,0.3934563359,1.2983394187,1.4057844189
1965,1.8930729448,1.9189504534,1.2742173382,-0.2490570276,1.0903441311,0.6787152261
1966,2.2068225449,-0.3297539802,1.6672623616,2.4605075507,2.0683641939,3.2626317612
1967,0.1007903868,0.4159493198,1.6818165726,-0.127341093,-0.3476681486,0.2167636645
1968,1.4814112328,1.1399885397,1.7579342911,0.8804210989,0.9614364608,2.2798915165
1969,0.3607951432,-1.4739479817,-0.4156780441,-1.0180207223,1.4841973113,1.3069990721
1970,0.2784503637,1.8979985407,1.0968575435,2.2690633551,-0.3171949461,1.3145518816
1971,0.9868556611,0.9092617301,2.7839222104,0.8374641719,1.6440102525,1.124884994
1972,0.4341401414,0.846934459,0.4739907892,1.0019703122,1.9860576113,0.1687197141
1973,0.4516705375,0.5465035943,1.5701106079,0.1609256695,1.6816666822,1.3449108589
1974,1.4773182366,-0.5664366994,-0.0901522563,3.313351879,1.495574608,1.0390445072
1975,2.1600393535,1.8731928004,0.2465390149,1.2611258792,0.9291311085,0.9619501064
1976,0.0149123873,-1.3038657623,-0.6715452259,0.536898401,0.7934977576,2.4654545347
1977,1.0881715437,2.0742446493,0.6746086806,-0.7095190743,1.206897116,0.431661769
1978,-0.2449171311,0.8171343176,0.9671943252,0.0277178162,-1.1937692925,1.5957717842
1979,0.4945577278,-0.0305550286,1.847150253,2.5599631156,1.2684482534,0.4061829468
1980,3.3204147251,1.3562997943,-0.0234502705,-0.4592723451,0.4936125867,1.9222908593
1981,1.9261326159,0.3304242852,1.6570899712,1.5391623576,1.0048952051,0.6232299505
1982,1.4848545288,-1.0303863557,0.2266104671,1.6598514743,0.4997358502,0.6749573547
1983,3.5276203473,0.4108971854,2.225433105,2.052045309,-0.4694187027,1.6726115346
1984,1.2950213288,2.1797582198,0.6347162155,1.1302049106,0.5538545651,0.8283932144
1985,0.884428733,1.4072664567,3.1609831118,-0.2214499649,1.214256884,2.0877165848
1986,-0.0448994358,-0.8039713898,-0.8240264794,1.7030144855,-0.6193997902,1.035871972
1987,1.2239242939,0.9254457067,1.2883581501,0.1184784752,-0.7487131601,1.2159761954
1988,1.7424040289,1.276445449,1.545862122,0.589441547,2.082618802,2.2605537071
1989,0.6122058411,0.852538708,0.7108859992,0.7759316578,2.3132180083,-0.3959160785
1990,-1.3769344953,1.4428688449,1.8868512297,2.4424782718,1.1898490436,-0.656670527
1991,2.0861335498,1.2037481248,4.215941572,2.2809397906,0.5782260439,1.2252408805
1992,1.0281823176,-1.0009661026,2.3386734816,1.7289147981,1.293263467,1.9364496814
1993,2.0594425187,-0.4383796851,0.1091432373,0.0398310081,0.3049872565,-0.0227599834
1994,1.6218070355,1.6700843891,0.5364874839,1.5218114506,1.1480741791,0.7465181034
1995,0.8215898602,0.7596808083,1.1849717656,1.7617093602,0.7941283097,1.8898043858
1996,2.6291653495,-0.374685121,1.7910151911,1.7976191648,1.05906695,0.8119325672
1997,0.7062766537,2.9968705294,-0.2397035302,0.4438476601,2.1917161355,1.8823295432
1998,2.5981913096,-0.568827989,0.0883070788,0.4430204396,0.8958639266,1.0991673612
1999,0.4578845676,2.0674946948,0.6712024209,-0.1926563458,0.873354085,-0.1173549276
2000,-0.0503209703,0.872960386,2.5913031098,1.2239293865,2.2234683394,0.1028298978
