1,1.144766451,1.3158273918,0.8050720975,2.5014095956,1.1743877815,0.5448659172
2,0.0654416875,-0.0703207787,3.0333586856,-1.1544709294,0.817553884,-0.0518115584
3,0.2884484519,0.7942821853,1.0054843916,-1.1363887462,1.5365973039,1.2806494803
4,1.6468095943,1.5597733505,1.3919553939,1.4946489301,2.4208047707,-0.2390901527
5,-0.4375038386,1.4632933334,0.7511715558,0.5338596147,0.4190648407,-1.2567786135
6,1.1542977756,0.6482374879,2.3993564418,1.8416995202,1.7818346617,2.0580405549
7,-0.432384013,3.9231585819,-0.1367391885,1.0950022382,0.3531413124,0.7489391314
8,1.3488588346,-0.6411331865,-1.0261521762,0.20843733,0.6865016845,0.2479428106
9,0.7207492048,0.2183019073,2.7901473973,2.3514643087,1.0649506925,1.5071809022
10,0.610085281,0.4125072619,0.6288277854,0.1759815003,0.4098163169,-0.7127015385
11,1.4137582718,1.5404093028,0.4849052042,2.2801565355,1.7783783611,1.3980430402
12,0.9681216836,1.2753565689,0.8269034339,2.5351964509,1.6351798605,2.0684569861
13,0.6226023455,-0.0115955748,1.8010476339,0.5759512981,0.4981060124,0.1915604169
14,0.8054698257,2.0995612498,0.192589058,1.5320694091,-0.1864484171,-1.3202828944
15,0.7884913523,1.6594998051,1.2064410264,0.8799895377,0.559952794,1.0477811971
16,2.1791580548,1.6661039374,0.6579027765,2.0044518504,2.735107094,-0.3645459425
17,2.3701788848,1.0681055464,1.323819719,-0.7374668023,2.2936050408,0.6843771889
18,0.8913508264,1.9531317307,-0.8045178024,0.0203979985,1.6247993436,0.143311752
19,0.4060318114,0.3962007605,1.3085907572,0.5925102001,1.232308306,0.7863856027
20,2.3157692609,0.8852245111,0.9065858607,0.0097357233,1.5468143135,0.448682838
21,0.9184808916,0.0813359193,1.2708603696,1.3603478899,-0.5713391273,2.0127813127
22,1.0451182391,1.584314387,1.4762667483,0.913075687,0.4562376023,0.4445229156
23,1.7140700251,2.701059279,1.6167291671,1.3637050328,3.3445776484,1.2329560273
24,1.6346413029,0.8861902351,1.2184112971,0.0501015691,-0.09395388,-0.4021084803
25,0.6721216415,1.8717544397,0.6710099607,0.6318287147,1.136974352,2.9324141233
26,1.876698537,-0.0782397464,0.7139006242,2.0390397559,1.1468306413,2.3344224356
27,1.973893529,0.8937102559,1.8913472364,0.3367738309,1.204271949,0.0546745527
28,2.6575641692,2.538934624,1.1417266548,-0.6170776724,2.6704501524,1.1353491971
29,1.3153808601,0.1196902404,-0.0183564261,-0.4955088823,1.5514682496,0.9866338605
30,1.3910598072,-0.1561918838,2.3515856858,1.934625579,1.9315428751,-1.7496404908
31,0.3064791854,1.2891547298,1.5210104564,-0.0942664378,1.0846916087,1.460992964
32,1.1604621805,1.3436321324,0.9301758558,0.8708926648,0.6586258394,0.997924822
33,0.5702922867,0.9720527804,0.2732989546,2.3684581141,2.4725012081,0.9202372932
34,1.4507511658,0.4390302578,1.7621441329,-0.639857325,-0.3307976521,0.8067039009
35,0.2577415708,0.9549938163,-0.8018767288,1.3442610806,-0.7252510009,0.5905237557
36,0.2130531083,0.1218804317,1.5664626146,0.6452024595,0.1153473329,-0.1456324645
37,1.114574272,1.2824102168,0.6797007754,0.3214756524,-1.3036200817,1.5766193351
38,1.8047513548,0.3662017284,1.9158564425,2.1505311438,1.940816542,1.6717784726
39,0.9978452772,0.7447723321,0.8334807626,0.2999825139,0.209136985,1.6537328742
40,1.3494049023,0.0027252721,0.0673390342,0.3011974686,1.0619431103,0.0369535889
41,1.2098992264,0.1715049536,1.4652409884,1.7870252872,1.4820683508,1.2776352358
42,1.9802182228,1.8134217799,0.7867586212,2.8886693718,1.1910484474,1.1865429868
43,1.283304441,2.389958682,2.565542173,1.1322922836,1.1822859266,0.4300282441
44,0.5982252211,0.4220784713,0.6888815364,0.0095613152,1.5109191458,1.571514002
45,2.2669816588,2.2641062341,-0.0181548805,0.5388964085,2.048502356,1.6681755431
46,0.9758019491,0.6582080801,0.7241544873,1.5674374654,1.1406661265,0.8542267966
47,2.5815202647,0.0086438013,1.6137418342,-0.3478273951,1.610316814,-0.7633988578
48,0.6232304071,3.5626418539,0.0374540692,-0.4480417308,0.0417800081,1.2902703845
49,1.4147275392,0.3477763445,-0.0441693692,0.5420936916,0.1897392683,2.745753606
50,0.5944753546,0.7249074967,0.1726182195,1.4793699462,0.8540353696,1.0310583666
51,0.1979006294,-0.0658929714,0.6997275518,-0.0511725397,0.2279353941,1.5195662208
52,-0.744962052,2.2212600613,0.369682709,1.3130422739,1.988037708,2.7892931446
53,1.1064781903,2.3878385441,0.9123125033,1.777947795,1.2453768213,0.6338764487
54,1.7724941857,1.5777431343,1.2925452379,3.1494714328,2.4280890419,1.5282368607
55,-0.2370138473,0.9370396194,-0.5292978642,0.3949971933,0.9906133428,1.1489675513
56,1.1073533534,1.8358108549,2.2000004505,2.8143266837,2.2689321833,2.1847664976
57,0.4954126043,0.8893784456,1.7498216477,2.055229727,2.9835056653,1.0693671314
58,-0.5178068734,0.7118360603,-1.1411188488,1.2359668798,1.0085580737,0.9982880597
59,0.5179501094,1.5651952302,2.3137691049,1.0318712761,0.1431463918,1.3989498921
60,-),0.336456771,0.8389741103,1.8037374435,1.5124710804,1.6362026503
61,2.9896430273,0.74041904,0.551789621,1.822901594,1.1633740168,-0.239385358
62,1.3565972174,2.7736186969,1.7740591475,0.4372544167,0.9748142417,-0.2546744074
63,0.6375945607,0.6730744209,1.3344885777,1.2266020119,2.3357456951,1.6534976493
64,1.9763479548,-0.0314517622,0.5250200161,0.2136186935,1.9725433928,1.2824419938
65,0.9276879299,0.5948875723,1.5084293128,1.7650984691,-0.3428359317,3.1292680089
66,1.9074652342,1.9478011474,-0.6645326815,1.2563282797,2.8386325608,0.8072345554
67,2.8986482172,0.4537462967,1.5060094021,0.5462223901,3.5300752455,1.420760733
68,1.1446787196,0.7642145172,1.2940640538,2.5170042719,2.586419169,1.9331633219
69,0.6675097073,0.4620005971,0.1526479478,-1.261203405,0.3931456867,1.7864949388
70,-0.2009981982,0.1463444904,0.4107981592,1.7737941957,2.0277411425,0.8045538776
71,0.6258052675,-0.4627828951,1.4418383781,1.531118781,2.3145584238,1.4210239901
72,0.7336442545,-1.7072125677,0.645919585,2.1685927095,0.078154934,2.8446725375
73,1.5030242861,-0.7797339275,0.4375971164,-0.5729463141,0.4822637444,0.9915868621
74,1.6746608683,1.3046404531,0.980519645,1.3111904405,0.9207695043,0.7542905342
75,0.9797917593,0.8463067789,0.7788587004,1.3602904194,1.1587559995,1.8336789798
76,1.479351425,0.9207985538,1.7909270141,0.4016479389,1.0925203386,2.1827733958
77,0.9787496915,1.4984167797,0.6552817162,0.5311432507,2.272795488,1.4519416176
78,1.4336552274,0.8780815549,0.3196183417,-0.0826145532,1.3457591983,0.6960641179
79,0.3907183508,0.5098342664,2.8148896786,1.7428704579,1.5340656308,1.4902382652
80,2.0519209198,1.175018903,0.2105018311,1.0830385004,1.0085343498,1.7326223892
81,0.6064448958,1.8978972383,0.4687329505,0.2032779763,0.3302030261,0.868760069
82,1.5520467238,0.1885049122,2.0150560588,0.26203208,0.3033013272,1.0065363304
83,1.365402545,2.488510938,1.1298293152,0.1528901359,1.9221942665,-0.4554927219
84,2.321299065,2.0313378729,1.5103316545,1.576186235,1.5742861086,1.2060220453
85,0.726273185,-0.1930104814,0.9656878323,2.9530649291,0.30746274,0.700096872
86,1.7529403784,2.0141185219,1.6397436712,-0.215958722,1.0436705031,0.5297411853
87,1.2102956471,1.3165727052,-0.6647748668,1.4227443864,1.8435972943,0.9137659953
88,1.0947850263,0.1626998909,1.3045437644,1.7923118733,0.203653356,0.8940511956
89,-0.5924479775,2.1427843937,0.1324444095,2.1386635922,-0.3269790996,1.8464922659
90,-0.5626071079,1.8570851216,2.4326912963,0.4885459703,-0.4002776878,1.2491435587
91,2.0242338897,-0.2246155607,1.1678779624,1.1271651833,0.6859178995,-1.4136004668
92,0.266524761,-1.1137794729,3.1349531297,0.9485716976,0.6884104651,2.4091869349
93,1.5729784141,0.6236420154,1.7142658009,2.0068404498,2.6873324758,0.6652386474
94,1.3844557254,2.0689370844,1.8150334981,1.3333535926,0.8671094439,1.9996908105
95,1.2975709352,2.3482689345,1.1550853276,2.252245916,0.6421936054,1.330832134
96,2.4184433583,1.3042711834,1.099916095,0.3071933816,-0.455124482,0.5133741546
97,0.3747778415,-0.3688336108,-0.1754329359,1.4402295614,0.0270587771,1.0618727968
98,-1.3155435816,0.6862039151,1.5835645412,0.3006256837,0.6584067385,1.3579116139
99,-0.6146141372,0.9643998325,1.3586232034,0.2048687854,-0.0161366239,3.2157199367
100,0.3472256602,2.5564777396,1.6066021314,0.2709715359,0.9405954159,1.1370703574
101,2.4269536367,1.235145625,1.0464273272,3.5560987303,0.6781334123,0.8721732229
102,0.4113591759,0.6868989273,0.6115515499,1.1967584695,1.7809909117,2.9426335903
103,0.8695298173,-0.4414595875,2.3060400137,1.0565724454,2.8907468603,1.0578092311
104,-0.1022464979,0.627999942,0.0914695185,1.100020506,0.2298151387,1.8124748382
105,1.225147149,0.0011984536,1.4268292196,1.4812546112,1.9119053524,1.6163916918
106,0.1962612357,0.0711551862,0.8316312345,2.0885699352,0.933659214,-0.7097262843
107,0.6016784511,1.5334189571,0.0192960365,0.777957312,1.4118068432,1.1417047994
108,1.9687447886,1.8584013955,MISSING,1.7959766585,1.1608759264,1.5249362698
109,-0.7188682217,0.9203215476,-0.6570525523,-0.3989920736,0.5964442807,1.963960093
110,0.482384126,1.3401744491,1.8431887259,0.7462534213,0.6955987944,1.8489282389
111,0.0326842469,0.6963549269,1.5693490889,0.8202802309,0.924036179,0.2216042364
112,-0.4323224712,0.0544068315,0.2221020034,2.1058165552,0.004235388,0.302432531
113,1.1398700706,0.7022333066,-0.9344309111,1.0827721112,0.4187439114,-0.1402560463
114,0.8045356329,-0.3884043835,0.7181043494,2.1050498816,1.9655354527,-0.03204267
115,0.130842078,2.2151337809,-0.097873762,1.1006627457,-0.1466968435,2.6263333677
116,-0.4802364636,1.766654406,-1.1171169207,-1.8269378532,1.252952489,1.2141894844
117,0.6595470436,0.8884341258,1.415625352,0.0406110266,1.8248284511,-0.0676217148
118,0.1396133632,2.0459518097,3.1625390562,2.1852842121,-0.1251988744,0.5099272274
119,1.0998427539,0.5818618284,-0.0434105443,0.8742453443,0.0920577584,1.21734839
120,0.3131095174,1.2287140664,-0.5460797567,2.4109504782,2.8262704524,-0.5882562745
121,-0.1950968548,0.6194664466,-0.1081155177,0.9554804023,1.9845499893,2.6475260069
122,1.5596583365,0.2179313487,0.4062608384,1.1084426018,0.3361850285,1.5390126591
123,1.5535223754,2.755224266,-1.1146615021,1.5002334917,2.8087197859,1.9636738595
124,1.083486667,0.0740270127,0.8920000787,2.6410643655,-0.2189217188,1.0342819037
125,-0.1394237449,0.244035275,1.3911103737,2.8031705176,1.4261491268,3.416601603
126,1.0917092025,2.3339751091,1.2566711634,1.1925078283,1.749038997,2.6389742602
127,0.0922306914,0.0207722902,0.1348657151,1.1435450155,-0.7505516587,0.3611509681
128,-0.7015321485,1.6207739396,2.1563287911,0.6589179859,2.1826153843,2.5861961667
129,1.0982024522,1.0254924851,0.1333477188,0.8078483687,1.8991165048,-0.4336568657
130,-2.2690728302,2.8345230638,1.0205856425,0.5963245544,-0.0141595224,2.7422500824
131,0.4161477784,-0.4293348366,1.7449489016,-0.4771966934,0.4330335956,1.1505856096
132,1.5052448254,2.8556569327,2.4633130651,2.7996989499,2.5670751707,2.4566275605
133,3.1660950934,-0.055328468,0.1489841081,-0.6075401042,1.5610212882,1.8814957798
134,-0.305352523,0.4214493371,1.5452160389,2.4546277014,0.4037133225,2.616939243
135,-0.6556023249,2.1072195986,2.5042293392,-0.4993126599,1.826782316,0.1665071413
136,0.7933146118,0.0633976758,0.7329395025,1.0488859484,0.4892725956,-0.968711646
137,1.6958147172,1.5266436102,0.5942779923,2.6500407036,0.27888877,1.2868007934
138,1.7188085709,0.698758339,2.5319567131,0.8756288342,0.225540207,0.5853791801
139,1.958402154,0.3036937345,-0.89876378,1.002483525,0.4989490821,0.4919919611
140,0.6926817903,1.5492686526,-1.2184776636,0.0195643211,0.4143294415,3.1926722554
141,1.9335110016,2.7462399278,0.6010076793,-0.9728538628,0.3507644846,1.6630174644
142,1.5556908294,1.5649531018,-0.2032449457,2.2563884435,1.9396070334,0.4054143231
143,1.2174159988,0.4901729135,0.1405673916,1.1055304097,2.0041172996,2.299928115
144,2.6264831591,1.658076664,0.0956938262,0.9179744682,0.8862498825,2.452979266
145,0.3232785136,0.4565631786,0.0314083683,1.9276548747,0.2941408345,1.1589427546
146,0.107306342,0.9747590862,2.5135788201,2.767903377,0.5541447175,-0.0340145414
147,0.7045617105,3.1123918937,1.6970181683,-0.8163095153,2.1739150356,1.5892297729
148,0.3812912204,2.2647971055,-0.2130746858,1.2767669035,0.625310153,2.2449642571
149,0.5856252441,1.8276618144,0.2952328972,1.6716685597,0.2701704638,1.3590656009
150,0.9591074654,0.0170810769,1.4284461874,2.0234522714,3.0524665258,0.8444570647
151,0.3283718909,0.4932802662,0.7188665323,1.1096341858,1.3125054704,3.0978433952
152,1.0361312185,-0.8641892558,-0.7991888691,0.1240069928,2.1315034149,1.4465242536
153,2.3637338456,1.3127495316,0.1440872928,-0.1005622409,0.473707116,1.2448656164
154,0.3087237178,3.0276664478,0.3915352378,1.5489178778,-0.2303119294,0.5413149942
155,1.7969732051,1.4122145261,-0.0684649223,0.6850879197,2.1139368249,3.2434205238
156,2.9346621448,-0.3795863742,-0.0808470467,-0.319329657,1.7212375135,2.6211512233
157,1.3084807755,1.5887066869,0.3609151737,1.7232394769,0.4580344085,-0.1145985755
158,1.3789826639,0.4356500314,2.56594797,0.4512284615,0.4951190715,-0.3614010867
159,2.2370437739,1.3947090922,0.0043332516,1.6655035031,0.6215361228,0.1893006807
160,3.3462321809,0.4899139986,1.3469553276,1.8309304918,0.2933077966,0.3235428908
161,-0.7181081419,-0.6863487828,2.6252475877,1.0927097506,0.5766640711,0.533808459
162,1.3360548651,0.7213272154,1.0386807783,1.2511461216,1.5724647,2.6899764408
163,3.1793807493,0.9598086535,0.4570317957,1.298796916,1.1550591812,1.2818096215
164,0.8896761479,1.2134853641,2.2148995214,0.9433445021,2.329860918,2.2234089401
165,0.0810471986,0.4734409044,0.6336680826,0.8733762227,1.9679862669,0.7751158788
166,1.6030980523,1.5469691434,1.248336499,2.8131080661,1.0311397262,2.0106131722
167,2.1930826882,0.1313329698,3.2063384021,1.0303097419,0.3940571338,0.5011435862
168,1.3125878134,1.9171352056,0.1124448006,1.125672353,0.4619317853,0.8254579182
169,2.9014771478,1.1457588235,-0.0090554365,1.3046368479,2.3726951906,0.8729216036
170,1.3060534403,2.5420269996,3.5286094455,0.9484822627,2.1912818425,2.9792200596
171,2.1147038393,0.9152634808,2.2491967775,2.690101654,0.7605259087,2.1116440699
172,0.0669070457,-0.0320357326,0.8331087712,2.253837282,0.0714626956,1.0818043021
173,1.4826910908,1.6075095051,2.0546188117,1.4183481039,0.8093262819,1.6537460833
174,2.0089521542,1.1628696329,0.6164999626,2.0904275601,0.9304213887,0.4836140028
175,1.6013553373,0.784086046,3.2529870128,2.3780464156,0.157053719,-0.0945048481
176,1.0786876288,2.6157555957,0.6747605871,1.3828739356,0.1682943834,-0.6182162049
177,1.2448409717,1.0672973721,2.4909335038,2.303361925,1.7244541359,1.6851351434
178,-0.0305449092,1.2863782089,2.2815817319,2.9009755259,1.7109332135,1.4494318718
179,0.7949630459,0.3208923124,1.6067387249,-0.3875161729,0.7372910145,-0.6660427375
180,2.0152960526,2.9770860495,-0.0261268424,-0.9301860262,2.1874195596,2.1458348556
181,2.093792573,0.5665361678,1.533657735,0.6583605849,1.9845314135,1.7356699943
182,2.0690939484,2.2621566887,1.1896074289,1.0114112515,1.680531127,0.5340777002
183,0.995745208,0.6083204086,2.8249367204,0.1951463875,2.204996965,0.6087237081
184,0.8776134284,-0.6101079195,-1.0282601926,0.9929717933,1.625294257,0.7562616274
185,3.9239904274,0.5725620761,0.2243606062,3.0697806133,1.1771705514,1.3426569829
186,2.3077480981,2.4044957621,0.3298515034,0.7797503656,0.5343557825,1.2027442043
187,0.6126058457,2.8744431852,1.5890522032,1.9481411134,-0.1265784868,2.1236415552
188,-0.0725148885,0.9334286283,-0.5349993951,2.693280838,1.6417203573,0.2196416373
189,1.4547437207,1.4128090291,1.6127378907,1.4711318487,0.8089994795,0.7311296492
190,-0.0793134022,-0.1683882511,2.8996975567,1.2462028981,1.7160804022,3.1363500027
191,1.5083050393,1.419732368,1.0202547374,1.0450183738,0.3975970221,2.7163578281
192,1.8678135018,-0.7703445804,1.5983226983,-0.0876185091,1.1764956728,1.462721463
193,2.3182814478,-0.2961638627,1.9030447256,-0.4086637284,2.2672969834,1.2830507724
194,0.9052171829,-0.0777751848,0.148372278,0.2200998328,1.0641969168,2.4950978071
195,3.4865863625,-0.5330307711,0.2213060693,0.3169062159,2.3862682319,1.3377679254
196,0.6485523053,1.5108785583,0.5880503844,0.9478866779,0.3739619188,0.3588806651
197,0.7788888019,0.4835147368,1.0829725209,0.9297566729,0.9155427747,0.3363310797
198,1.3345613079,0.0245020665,0.5398408425,1.586723162,2.3487089488,-0.707711312
199,-1.3053270926,0.45638576,-1.2389274593,0.922284632,1.4529130865,0.4196429129
200,0.2175586772,2.3578593155,1.3381010123,-0.0188552515,0.9829622006,1.8535526912
201,0.4170426479,1.9323297967,0.267390418,-0.068549859,3.4477824282,1.6000381708
202,2.7488433887,2.2344694297,-0.8086194305,1.5013603627,0.5776557736,1.0540541615
203,-0.6372589257,-0.6495679597,-0.8295066664,0.1635307243,1.2222783877,0.9662828684
204,-0.4828271543,0.7716059771,1.9186096159,0.4885697845,-0.8001363454,0.4611820701
205,-0.8270154313,1.1610087255,3.187672251,-1.3466243003,2.2645656109,1.4812608361
206,0.6864982582,2.0265655328,0.8790823972,0.9223393725,0.3991000464,1.9958035819
207,-0.1526485328,0.1971109984,0.6287112326,1.2590499406,0.6917380449,-0.3208535323
208,1.7084478713,1.6018060946,0.8376826835,0.925048839,0.2279937017,0.763863321
209,1.4396627836,0.8145214949,0.9677850089,-0.6978830406,1.5600673718,0.8609748263
210,1.8034728129,1.4377036845,2.2979769979,0.4099222371,1.3706926322,2.5171892559
211,0.6031675699,0.9890909092,-0.4768713908,0.7304461796,2.7654314328,1.3122375596
212,0.5456043172,0.5686142793,0.9024347067,-0.6338276155,0.1346244613,1.2774000496
213,0.9031420335,1.7838059639,1.8529433102,1.5811597719,0.8296328073,1.2765512538
214,1.446910016,0.2975826703,0.9746648249,-1.3167420783,1.6547527965,1.8179000223
215,1.8463730871,-0.7466883428,0.4081184678,0.7719365851,0.6635507712,1.5949921268
216,-0.1263182117,0.4493110014,0.6714345447,2.0543352677,1.8748829276,3.474340104
217,2.1625348335,0.0449740772,-0.055062099,0.7584800955,0.5124562633,2.5363304032
218,0.8038831992,-0.6390113318,1.3627772773,0.4654973285,1.6384720496,1.6069373272
219,3.3374354263,0.0714811529,1.8758202868,-2.7557850052,0.6623447279,0.3858723124
220,-0.1293172084,1.7996140985,1.6082778659,1.9531335882,2.236201472,1.6449716238
221,1.3288803093,1.1819964823,1.3177643046,1.4276274429,2.7348936306,0.1615851434
222,0.5695461109,0.1212061354,2.9942846576,1.532810381,1.8134357286,0.3467520822
223,2.9867400644,-0.0704665136,1.4312263988,0.3344425007,2.681885275,1.4446474898
224,0.1696599388,1.651940259,-0.0377289753,-0.6758547213,2.0938713678,-0.080243779
225,0.3321197806,0.7301029619,0.8513857777,1.5881609435,0.7116888938,2.0378248233
226,-0.6137450633,1.0418062785,0.9227591594,2.3904297255,2.4188591736,1.6874082372
227,0.8064314766,1.5557659644,1.900529265,2.4572672157,-1.1494511555,3.2194993362
228,1.7489639623,2.2509777763,1.9448956139,1.8082088199,0.7614461173,2.3423280494
229,1.0547914472,-0.4907981091,0.608581744,1.7378362125,1.1297589866,1.672339189
230,1.5230978618,1.5259832327,2.7178940377,-0.9698078563,1.188183881,1.351098363
231,1.397722551,1.33602761,0.9863655389,1.0337639799,0.5258348995,1.9515017217
232,1.3426947032,1.8611785294,0.999399713,2.7601139796,1.6069929003,0.7738409138
233,1.5415354316,0.0653244693,0.1367883046,2.2309563358,2.2096755075,1.756201326
234,2.3494349729,-2.1762590603,1.4091659575,2.227897131,1.2636077448,1.5496754796
235,1.4329263351,1.5987138011,1.6802592574,0.0917914204,0.1284387607,0.0959535394
236,1.0429531317,-0.7922745176,2.6917505593,2.3958184568,0.7588612963,0.599642216
237,1.4070694441,1.0347539865,3.5802899825,2.0408075689,0.3183249734,0.882101993
238,1.7635872715,2.3338932075,1.2128012308,1.3393498398,1.1769103714,1.8126021204
239,1.8907707029,0.6904584282,0.1988615557,0.1964176057,0.9321974703,-1.0114492972
240,1.1353326812,1.9025025183,0.1071153391,1.5895991148,0.35737383,0.3423639253
241,0.1707948036,1.090769473,2.4878510195,1.1111695499,0.88617854,0.4946923818
242,0.9436616821,1.2097515372,1.0958281018,0.8769549684,1.0311205022,-0.3922223715
243,1.6437443395,0.2557216878,1.5216406611,1.9270392093,2.2698390587,0.6155460285
244,0.1571455958,-0.6320727558,1.5324708109,0.8619327044,0.1854141082,1.7807854102
245,2.8161015852,0.0518542156,2.3991106745,-0.6707224664,2.4208658174,1.0336072576
246,0.717893899,-0.7371723616,0.9352776876,0.2875657142,-0.1390894264,0.6764386206
247,1.1679748886,0.9740516935,0.3627690696,0.9735955552,1.5943605375,0.6329606334
248,2.6977165188,-0.8832177208,-0.7768420776,1.4421051013,0.3089691953,2.2741306293
249,0.4258086562,0.878450594,2.2660806841,0.8348325695,0.9730455772,2.714472332
250,0.143513905,0.9908235875,2.9204318696,-0.4102552414,0.6552724188,0.5358871441
251,-0.1173637833,3.159133604,1.5828124943,-0.7803411804,-0.5737204389,2.0964953844
252,0.845071785,2.4073415131,1.035707087,-0.5711327881,1.4325658182,0.7461981114
253,1.5394638797,0.6034502201,2.1205055452,1.7919234342,-0.2377671786,0.275033344
254,1.0054547257,0.8492273784,1.4293874356,0.3517266757,1.1032577744,-0.0498849924
255,-0.3993157908,1.3738441626,1.6637053457,1.3434167399,3.1376617765,0.0238045738
256,1.9863956451,0.0321627573,0.616166541,1.7154368642,-0.1537398214,0.2638708611
257,3.2020119458,1.8257013308,3.2389054589,1.5542291287,2.9692133844,-1.047806314
258,0.6833577024,-0.3043476899,0.4641957092,2.5276313298,0.8992116369,1.4991265708
259,1.5321067151,-1.348688851,2.0506355393,1.4482676516,1.6134658006,0.5071245727
260,1.3049246763,2.2706954504,1.7747030446,0.252754244,1.2823632776,0.9022327242
261,1.2986945685,-1.1488811152,1.3591675132,0.4644414206,0.9783710056,0.6487663221
262,2.9374791338,1.3389144423,-0.0452572177,-0.2834703337,0.9275599486,2.2053081743
263,1.5383891052,1.5372206236,1.0895409665,-0.1171252171,0.2253724739,1.5053569207
264,1.6259493368,1.1680877306,1.3804959984,0.6435602337,0.359762445,1.2826823461
265,0.8260738497,0.4866218013,0.4078730485,1.4156790103,1.305401152,0.6356582804
266,0.8148914424,1.1382311237,1.7496068677,0.7294547714,0.1785122819,2.3129576162
267,-0.3666107161,2.0489698219,1.1479326398,2.4191895047,0.2881576334,0.3002681282
268,2.3978517131,0.774646686,0.342313406,0.4053532295,-0.6418748455,0.3249320908
269,0.9488990966,2.7133924883,1.2019418514,1.2523824758,0.080050391,1.561630342
270,-0.4413733302,-0.1829065732,0.3953951772,0.7051098668,1.5810295243,-0.0270432993
271,1.3008059634,1.2526110013,1.7489519495,1.3520841555,1.9554696021,1.7960189099
272,2.9002210339,1.4932058724,0.9092436719,0.8461329183,1.7473803294,2.9370337412
273,1.626217706,1.9738548512,0.1228342136,1.4484077476,1.8884418165,1.5308991528
274,-0.5877775328,0.8899998397,1.6563666779,0.4468150397,1.5641662885,1.5673901738
275,-0.1922587202,-1.0393166565,0.6324932351,1.0285861638,0.766019323,1.3151088443
276,0.833224185,0.8553060285,1.5259351861,-0.3129880416,1.7388758532,2.5410874148
277,0.9290387561,0.7647881834,1.2543991955,0.6228096878,-0.5820612515,-0.5425727644
278,2.4744116186,2.1188687301,1.1096434642,2.316068846,1.5546145968,-1.1292974757
279,1.2300600826,2.5387026935,1.9671136175,0.8349206829,1.3990035216,1.4730837572
280,1.4252253091,2.7691700355,3.0633287539,-0.8113694125,0.0668533558,0.1413423437
281,1.4437076712,2.7594383685,1.1008377404,0.0645456909,-0.120683889,-0.1286178171
282,0.4307831883,0.6095547533,1.2050147817,3.0622618241,0.0036549334,0.9206253375
283,0.0076107601,3.1581729987,0.0611119953,1.4169566765,1.5081614623,0.2066590981
284,3.1241330851,-0.1754221984,0.5935619052,0.2523442329,0.0098826305,2.121626917
285,-0.8323324382,0.6514911077,1.5818006875,2.3013335232,1.0607897954,0.3912638798
286,2.9776818591,2.1402775348,0.8750400775,1.2102464396,0.2549609839,1.6949445566
287,0.5031718873,1.476662291,2.235360037,1.4074477473,3.1513454003,1.8797907278
288,0.1954175362,0.4336728649,1.360048158,1.2167631027,2.5814262449,1.0980627917
289,-0.0456985552,0.3454231871,0.6339318345,1.5101358541,3.3768592,-0.3378478763
290,1.2286721027,1.9031304775,-0.4333007458,0.2749536074,1.822989068,1.8364470652
291,0.5091603974,2.9994937173,0.7369234075,-0.6896669709,0.5112543639,-0.8102090246
292,0.8578174619,1.7281437039,0.3720267205,1.2185911422,-0.0330267409,1.1660220289
293,0.7126258708,0.843194173,-0.0567881695,0.6898696535,1.8783549901,1.8144198289
294,0.5245305266,1.3103447803,0.3870604689,-0.1622831753,3.0551147268,-0.7299333749
295,0.9376779124,-0.7637897044,2.0904089561,0.3657482814,2.1003643375,0.5363115588
296,-1.1243650105,1.3776746103,1.0516271074,1.1743782123,2.2827268675,0.3114272832
297,1.1855582917,0.7961159991,1.0623132205,2.8559695908,0.985273293,1.8508484831
298,0.438448141,1.1931018148,1.2364129817,2.757684708,2.0335207406,1.7790601298
299,0.4524071667,3.0876820304,1.1653717966,-0.3445220269,0.9447495564,2.2050893825
300,-0.6605909115,0.4681005711,2.2654584264,0.9824887591,2.2982946181,0.5568817754
301,1.4433305316,2.049014359,0.2877816686,-0.4174908591,1.9505107266,0.6651901778
302,-0.278699793,0.6382454916,1.2195256245,2.7810594486,1.5024524246,1.8370158735
303,2.1464569766,0.5451917631,2.3901492678,2.0427056002,1.067743902,-0.1205845612
304,0.3747823696,1.6602079301,1.5604422267,0.4209405686,1.6433644757,1.8372288767
305,1.2796183968,1.4586424899,1.3263327162,-0.0911280824,2.1683735582,2.2370252779
306,1.9581212764,2.950454866,1.9059797139,1.6291877536,0.781633988,0.3605341752
307,1.7589969561,0.5907778483,0.6841508661,0.134827254,0.6372504604,1.0896792055
308,-0.4815973381,1.3770365902,1.2803616796,0.859394997,0.1202711145,1.1515459972
309,2.2086948488,0.061503325,0.4835962772,0.6192344661,2.0126093646,0.2207021979
310,2.6263841818,1.0710470581,2.8223066329,1.0485412522,1.0756964463,0.7082262013
311,-0.5176025229,-0.3511580223,0.5582845217,1.3144388182,0.6038717018,1.5922185017
312,0.3203909309,-0.4467821187,1.6162963296,-0.9004369026,2.159309318,0.0067635003
313,1.4645677277,0.8220571823,2.5575747098,1.4050987521,1.2162714345,0.5786380008
314,0.8101283228,-0.0896024646,2.1556239555,1.8922912491,1.606280291,-0.0024769235
315,0.4960681881,1.1266909658,1.0766729231,3.2093389214,-0.8029821818,2.4690852969
316,0.1871044149,0.2228372309,2.0246469634,0.7291125251,-0.1213423373,0.4881290232
317,-0.4477541033,0.6296393213,2.9059801817,1.3785122627,1.9186478817,2.6662805354
318,1.6670041159,-0.2655349439,0.5547166197,0.0839223596,0.1687412141,0.7988493411
319,2.5644115586,1.6169834703,0.0477240636,2.2443373203,0.7794385623,2.3028526155
320,0.6168139054,0.5857691752,0.1081759914,-1.2674563672,2.664755527,0.4348325512
321,2.2942971318,2.1134218965,-0.0266825326,1.3992174705,1.7322764213,2.0548298332
322,2.2245968234,2.8001118275,-1.3233070578,-0.3503409236,1.2146067195,3.9855483765
323,-2.4332960347,0.6686540402,1.9907389493,0.8314915023,1.0290929629,-0.4835802792
324,1.597742064,0.7142946468,0.9429686602,3.2264135186,3.5729556465,-0.3404219956
325,0.5860124658,0.3608060024,1.9922819179,2.0957611318,1.596948302,0.289393936
326,-0.1034376928,2.0477003487,1.5096125934,1.6330505252,-0.1155658769,-0.2528418775
327,0.5284760215,1.7134804787,2.5909998427,0.1786465306,1.0928983979,-0.1064993973
328,1.898052429,1.4380305477,1.180041922,0.3015793009,-0.5109761441,1.5726824801
329,0.9829579735,1.9824691504,1.4062849165,2.9365428372,-0.5589895597,1.7385391984
330,0.2923715023,-0.0037124616,0.1354421386,-1.1648138712,-0.1840813257,1.8612730602
331,0.1949602787,0.0821580586,1.2373419905,3.0490870525,-0.0183477571,2.9477417296
332,1.590667233,1.1238759275,-1.2466449375,1.9355465128,1.4081758115,-0.5023315018
333,0.7292577113,2.4639674904,1.2787166218,-0.0189501719,1.3659309326,2.9338128207
334,0.0156235265,2.736988233,1.1861061872,0.490598062,1.1386924617,0.3973708618
335,1.5713774623,0.6896195736,1.7445035002,-0.4044431172,1.8818353638,1.2772403927
336,1.2340185899,0.0325617263,3.0881727778,0.7119955374,-0.4035192504,1.2799183085
337,0.7555740006,1.6970719328,0.2057560525,1.4163795416,1.5315057433,1.8897400821
338,0.2343085611,1.1601770231,0.0611948985,2.7478952843,1.9033729577,1.1766848193
339,2.6712197498,0.3241975859,2.8867538184,1.243460124,1.939291428,-0.8890712617
340,1.6232757858,0.7045817209,0.642598014,-0.425869172,-1.858888513,3.6809331685
341,0.5823145347,1.1920718591,3.0325909323,0.7471132669,0.2485417202,2.5084478683
342,-0.7367739443,2.8058475941,0.6528992702,-0.6810273646,1.7433220527,0.9460856922
343,-0.3410113186,1.298735817,2.3882299271,0.6082442758,0.4314644116,1.1594302325
344,0.1411863842,0.6185344627,0.3465283042,1.9952885228,2.6099428431,1.3991913689
345,0.3073743197,0.7799753014,2.4300659499,3.0596424909,2.5099393214,1.8627972695
346,1.7962702124,1.5794352767,1.7036912911,-0.1327768022,0.2322911714,-0.9778416899
347,1.8093142677,0.0836202313,0.6297785341,-0.305255952,0.191776226,-0.1542908621
348,0.2949289334,2.2231504093,-0.5063978525,1.5374005666,0.9634457611,1.9894222991
349,0.9413226898,2.735004161,-1.9448623505,0.1399018388,0.7257053659,-1.0515153614
350,2.4870902776,0.4185372484,1.5685181256,1.6344308808,1.6610158047,1.3392996138
351,0.5291174838,1.7891659941,1.7688300494,0.3110879176,0.9554242401,-1.097746059
352,-0.0956448971,1.5737660015,1.2881467443,1.2112770305,0.7782925771,-0.4912586025
353,2.4860040445,0.8407486443,0.2576649516,-1.5050084381,0.4795735972,-0.145437177
354,1.7078751894,-0.4559980791,1.0984049216,0.2636859883,2.328976618,0.7215390792
355,0.6158856543,0.8409285344,-0.4294464598,0.638533678,1.2750492371,0.9283199414
356,0.7233415869,1.8654357264,-0.373350506,-0.264534155,0.6228122093,1.3873377887
357,0.2817422918,2.4677961806,1.7075185923,0.0250391943,1.0320896941,2.0386799031
358,1.0170248676,-1.0622238799,0.9068581951,3.613286352,1.4841507917,1.3798921451
359,0.9523388548,0.0555712093,0.7595204255,0.5227862495,0.7202030555,3.512390051
360,2.7811549248,2.0355078172,1.0291480105,-1.0304197038,0.8685015154,0.1888727203
361,1.803939264,2.8324585534,1.1176316904,1.6035276448,0.4867995153,0.1947299606
362,1.8573817719,0.3429759993,0.4401976874,1.7281233806,0.7966712171,1.3190352362
363,0.7434900799,-0.0070906461,1.8809833911,0.5767383834,1.3966742588,1.2498484789
364,0.1958273162,1.7565985693,1.624214872,2.8476303754,2.688375851,2.9088931737
365,0.4848897144,0.6405700645,0.907207583,0.6559651531,2.4051666494,0.2666875373
366,2.1007250391,1.4217884048,0.6953322498,-0.1327420708,-0.2448339053,0.9378284201
367,0.9140889384,1.419207374,0.8172221271,0.5925083593,2.2947688458,2.0393501639
368,-0.2988297365,0.03184896,0.3718674248,0.0541921075,0.5334588707,1.6414587012
369,1.3703697094,1.9029106133,1.0585008002,-0.1242694742,2.0808823857,0.7243617198
370,0.8541181483,0.2291341166,-0.3287866974,0.6681247307,1.8544910331,1.4652145826
371,0.3918695172,1.029137303,-0.0577474632,2.8125183138,2.0083621044,-0.5863517503
372,0.7986603847,2.5765232387,1.2622395799,-0.9979428452,1.7953594778,1.9326069478
373,1.7489237933,1.3096912554,0.1473395985,0.5995168025,2.4627757371,1.2349134439
374,0.4467251351,0.9772814858,-0.1477702827,3.0256201249,2.3392171832,2.4794266102
375,0.1987538871,1.2118926493,0.8046474749,0.9913357647,0.4674712898,1.5830707309
376,1.3857082711,0.7523022345,1.6445188891,0.1965433394,2.0510995847,0.3291096077
377,0.7634074345,2.4618069312,2.0765939119,1.9313775489,2.7212785726,-0.7642767078
378,1.3382613059,1.9284050245,2.4332463969,0.2680127806,0.7088225647,1.9905428732
379,0.6492659223,0.9401217702,0.8568730202,-0.9893861486,0.9860032006,1.1872422647
380,0.9476832476,0.8328024228,-0.1021422534,0.7685629462,0.4051555961,0.706833762
381,1.9378279734,1.3575211104,2.2001648843,1.6158942116,2.7874306737,0.5523595136
382,-0.2754675138,2.7038537865,1.1235355478,2.2599112651,0.8967040223,-0.337832475
383,0.147402251,-0.2698517437,2.1147369245,2.9085369854,-0.9953381182,0.7620048145
384,0.9444569332,0.5847219236,-0.9528713493,1.8591672638,1.7807212929,3.4297516944
385,1.8712663678,-0.3763919164,-0.1365436605,-1.9927623031,1.5300408983,0.1866293061
386,-0.8488176257,0.8962367518,1.1675213396,0.0918147498,0.7685023354,0.2712610462
387,1.2215768336,0.4643387882,2.2167572424,-1.2290121728,1.2586702054,0.3487162932
388,3.0071869973,1.4820131393,0.0288582682,0.5817598917,-0.6465426273,0.7992790963
389,0.9868841139,3.9890113387,1.5596518247,1.9558118103,2.7288000312,0.6316686932
390,2.2078299514,2.961323343,-0.3736121188,3.5568553533,0.4111492864,1.9379657551
391,0.6832131249,-1.4429709332,-0.0761964028,2.5716915803,1.1541048343,-0.3779209505
392,1.8458382634,2.5886408835,1.8844045479,2.3083209508,1.4707416089,1.4587297465
393,1.4835758149,1.7767073506,-1.3083611174,2.6497173113,0.4421082908,1.2455147671
394,2.2876626852,2.0317433292,0.7343569232,1.2695149184,1.6198871016,0.6238126349
395,1.1455972127,1.3362200803,2.7453977106,1.9530620289,-0.8065426213,1.5777206944
396,0.7409128238,0.7349076976,0.715152908,-0.1481639615,1.1518824171,-0.3600449196
397,0.6515362103,-0.6901388985,1.112262584,0.9156213892,-1.7246134382,-0.7994479877
398,1.6343955292,-0.4193471367,3.0122750796,1.2446525217,0.2888189928,-0.5109815567
399,-0.8774348515,1.5731779001,-0.4779666078,0.7665485239,0.586341261,1.3222642152
400,-0.0013132486,-0.4008673904,1.8253190952,0.1474376506,0.985864585,0.7078081036
401,1.9560923244,1.9082951839,2.002053628,1.0053489617,2.1654001193,2.1828675872
402,0.3722497915,-0.2903154014,2.9802908881,-0.2320488593,0.376958016,1.6652612776
403,0.8250398521,0.5610039245,0.9258492314,-0.3857905603,0.9335174225,-0.0319718021
404,-0.209087011,3.2219995319,0.7863893052,-1.1399639782,1.2364853312,2.6159967773
405,0.3625656615,1.0116817099,2.9365686468,2.2273728683,0.677956561,0.1585684211
406,1.7446988519,0.3251783196,-0.1775102493,2.1207900206,1.8633038882,1.0746672603
407,-0.5091917913,-0.1686337024,-0.40480837,2.5290501946,2.9925334828,-0.4166250467
408,-0.8069862683,0.7103732455,0.4696524287,1.1200373767,-0.1355450393,1.1893254043
409,1.6991899676,2.0901204002,0.6595620736,1.048513715,4.3892350475,1.5918105976
410,1.4477294134,1.7117061093,1.3401303672,0.670687107,1.5712920315,3.0339976923
411,-0.0951383751,1.0776252271,2.2584695536,0.1108769334,-0.0883725121,0.7610270298
412,-0.7794197418,1.4825689752,-0.8743523008,2.5728532298,0.5548551098,-1.1087387652
413,1.1960109621,1.1154502676,1.132347316,0.7675685994,3.2170335101,1.096995425
414,0.7096977525,0.7257045428,2.1737873083,1.2712829684,1.5027278148,3.7842108452
415,-0.1488510993,1.20054379,-0.5520512848,3.7720978162,0.354443772,2.9866232122
416,2.0490422706,0.5403285865,1.2827783059,-0.1095120848,0.2411725708,2.4694915731
417,-1.0983410015,1.1295497233,2.613291435,0.9800531852,-0.8485799886,1.4551785082
418,0.1440891624,-0.7294076965,0.1805034612,-0.0387166048,0.2207120125,1.8312190602
419,1.9584680969,2.6222789236,0.4466474043,-0.7619103159,1.6038331512,-0.1331603663
420,1.0338566926,1.236586802,1.2181428822,2.1626201808,2.1337956532,0.3271037051
421,0.8926877976,0.893683018,0.0408917676,1.7914200245,1.590112522,1.4053554312
422,1.6863498518,0.2602430886,1.3531673716,3.3679513962,1.7008518255,1.5186690422
423,3.1201342839,0.019287539,0.7242257459,1.035472525,2.0822226001,4.1206326726
424,-0.399415577,1.1550717652,-0.2743462523,1.2507754351,-0.7274286966,1.7396464125
425,2.0072622311,0.3551950133,-0.5253542052,0.8475044988,2.8512501077,1.7970616057
426,1.775719133,-0.3321591273,0.4160964809,1.0607491122,1.1350049353,1.8510506765
427,1.7389654832,-0.3730116504,1.2664047163,2.1641021127,-0.0213935428,0.8397953456
428,-0.3690855063,-0.1333789224,0.9052071972,2.1410000017,-0.2233033318,0.4995954031
429,3.667000585,0.2283579752,-0.2381250847,1.2886648764,-0.7096748829,1.630644481
430,1.7145864992,0.273724326,-0.1044924845,0.624962399,0.7878239258,0.9690876236
431,0.7439110663,0.2513160843,0.8069524722,1.2392035423,0.9874683055,0.0362671861
432,0.5400140227,3.0616025363,1.4665633763,0.999375784,-0.1823861783,0.5577940992
433,2.0234521333,1.0737139021,1.2945961746,-1.0638278514,2.2854809124,0.9781693037
434,-1.468148046,-0.0550519878,0.7909052488,2.0824001655,0.4441313659,2.0278375696
435,0.2854314835,0.9585363615,-0.7601480565,1.3774432592,-0.1390612119,1.9879506066
436,-0.7901227583,0.2419443961,0.9319442774,1.0763626677,0.994283636,2.6993885754
437,-0.8622420809,2.5306749453,-0.4095686595,1.5471582429,0.999080521,2.5068036928
438,2.1479708059,0.6028748132,1.4464475219,1.2571070738,-0.9003673649,2.5683323672
439,2.1362532256,0.6582259682,0.0190786332,-1.5360638079,1.0391524968,0.8672753634
440,1.6180231844,1.0032962547,1.5867155631,1.7415293841,0.6485875455,2.307062365
441,-0.1401374237,2.6244477356,-0.7439683778,1.228377079,0.1073938867,1.4028926368
442,2.0629079603,-0.3018887304,0.2335179804,-0.2953899445,2.97762421,1.1044227003
443,1.6286590273,1.4585848932,0.1961535171,-0.170151701,-0.3294544255,0.1448541626
444,1.9993024797,2.4657280779,1.0572399169,1.1667880495,1.0246575106,0.7354205727
445,0.5121732964,2.2504177266,0.7626389851,2.2270146389,-0.4890147917,1.4611332282
446,0.6744582623,0.1184120006,0.7202442628,1.0075311532,2.2465143467,1.0749096391
447,1.3679825197,1.0141985843,0.0306643168,1.2689769217,1.7375362259,0.3569508214
448,-0.1019385576,0.5652943558,0.4470649693,-0.0434012755,1.8729613642,-0.1199275794
449,0.4762549606,0.4784581602,0.9274273351,1.2569513266,0.3161213576,0.0635365237
450,3.3196147607,1.4769566741,1.303267661,1.4317541262,1.1757006515,-0.9923523765
451,2.0191943983,1.1636205314,1.4327037284,0.8447246234,1.2690710572,0.923386065
452,0.0211344689,1.7061858314,-0.8813832301,0.3072344499,1.2630105821,0.7714599952
453,0.4248624274,-0.9082363541,1.9824767291,0.6451423583,-1.0511722097,1.4353594031
454,0.7030894784,0.440676735,0.4446007235,0.6742654981,0.4967678412,0.8646819004
455,1.3385340791,1.0477022541,1.2907876948,-0.4129211403,0.5762222876,2.0055050491
456,1.2001404581,1.8839140207,1.189265729,1.4579177994,1.6758477999,1.97462777
457,-0.0982832481,1.6909997814,0.7398969405,2.7499995376,1.1536784027,1.5081682467
458,0.2275519797,0.7668542423,1.1508798853,-0.5919792582,2.7367726549,0.2768167081
459,1.3243770229,0.7662133254,0.9762275297,1.5059664701,-0.7639635325,1.711235709
460,-0.8722215069,1.6397370969,2.0650973141,1.2317430561,0.606167081,0.5848104746
461,-0.885062837,2.1420958803,0.0801894192,2.6201942484,0.5647235415,1.0543045663
462,1.5768754673,0.6269435177,0.9807017144,-0.4515960249,1.2325324045,-0.833790115
463,1.5309330198,1.0186080257,1.1454183693,-1.0968838044,1.9315843779,0.80817808
464,-0.0459239184,0.9655313167,-1.3054876694,0.931396065,1.4546473395,2.7427543406
465,0.7378417333,0.0516369385,1.0357559256,-0.2531983435,1.8769085765,2.2650350743
466,2.165120426,-0.0851392651,-0.7502468112,2.5608320702,2.3082254856,-0.4624199483
467,0.6293365173,1.4157276404,-0.0711208662,-0.0001434151,1.3821150147,1.2331594755
468,2.9116937878,2.9321773026,-0.0120461138,3.1778874531,2.0444487689,-1.4181410888
469,0.4231213438,1.5941984459,1.6104261207,0.408539484,2.7053469574,1.7520470077
470,0.5647157927,0.0733897223,0.018098068,1.755944522,1.9266207669,-0.3887001823
471,-1.3465978312,2.8031127564,0.8711090643,-0.051266896,0.0408196134,-0.149721157
472,1.2218038049,1.5610625204,1.002686685,3.4474661239,1.7000220212,0.5306736657
473,-0.3570011298,2.3859889355,1.6846657205,0.7032713307,0.2433125983,1.9804158606
474,0.9436631543,1.1270246267,1.642955878,-1.2240497882,1.489065566,2.9907356957
475,1.8877293413,0.3968025978,0.5609381379,1.5544548991,2.6145290112,2.3213638209
476,-0.1183526353,0.9136380838,1.4300640626,2.0248011988,1.8338709051,1.1682214845
477,-0.6425711878,1.2096763193,1.2625282223,1.2486573363,2.0956078287,3.5540612541
478,0.6045678052,0.3263138455,0.8710736847,-0.9093761713,1.8293518476,-0.6713421892
479,0.708479677,2.2330253905,0.3623053023,0.2161846667,-1.0213870228,1.970315251
480,0.5984889626,1.6658228336,-0.7415723616,0.6691535424,1.5377449585,0.3994320338
481,-1.468383043,1.4135327013,1.440581846,1.8550787919,0.2831113616,1.109249877
482,-0.5792830356,1.9948543061,0.2908722895,0.5540516481,0.3072140479,2.1579452077
483,2.6302645977,1.177680518,0.4096249514,3.1334601514,0.0425978704,-1.1532064863
484,2.452294361,1.352679064,-0.5081649717,0.3575512268,2.8554709332,2.3704989459
485,0.4660504359,2.9619179773,1.162730245,0.0588055985,1.926777934,1.725053733
486,1.3828028644,-0.5947311338,0.8955900361,2.5058138745,1.3374981168,0.9355561094
487,0.2960230479,2.9403585211,1.3494925297,-0.2190469195,1.9936876177,1.7163744413
488,-0.3480873758,2.3734090184,0.5492268862,2.1789172938,1.207354589,2.0867086617
489,1.5151223173,1.3283968619,-1.0602304095,1.4980280895,-0.0487747721,1.2887873187
490,-0.324711121,1.9037320456,1.1480604647,-0.9908820048,0.6381150266,1.6377645273
491,0.5224024028,1.4337688627,2.6282204031,-0.0947557568,-0.9460714031,1.6565109535
492,2.6487966353,1.113712907,1.4033904583,2.2033497556,-0.0662832039,1.1772553435
493,0.0662614167,-0.265256739,0.0314427222,1.3024584872,0.3295959091,1.516290262
494,0.6199015475,0.174394518,0.0323922813,1.9806907503,0.902709116,0.2537614821
495,1.6614639292,0.5258883437,0.7206004627,2.1138208259,1.3365417113,1.7297524912
496,1.9554284605,0.597573481,0.4046905258,0.8966464352,2.0860841611,1.5418904468
497,1.0830679619,1.297809089,-0.0617838961,3.3697957037,-0.8332019101,1.3342324188
498,-0.1773180972,-1.5060259376,0.3593713145,1.238522793,0.7218720115,-1.472094815
499,0.865988242,1.0906414637,1.4864371121,0.5932054068,1.2879385852,-0.1273315957
500,0.4395493222,2.1132226509,1.3127663096,1.1024777887,1.835835894,0.5282073551
501,0.7866345327,2.0397662298,1.8659275235,1.8377202245,1.4946781526,1.0006668835
502,0.6992421242,0.4401034853,0.2714557423,0.7483366053,0.6927114835,1.0387003312
503,-2.1510313294,2.5680232682,0.9778670502,2.0920480167,1.5231175343,0.5759744762
504,0.3779670102,1.5653536328,1.0453285906,0.3064626159,2.3256921777,0.1299781756
505,0.4063924708,1.782905019,0.6739803911,2.7204138797,-0.5773470201,2.2248592968
506,0.1199962378,0.6325224561,1.766447548,0.5958315013,0.1148292943,1.3805235538
507,0.1092396996,0.9251895516,2.6121352164,1.5647897903,-2.0325826972,0.0615652351
508,-0.3062465972,-0.4268810879,0.8896724911,-0.4029664453,0.9970445514,0.4946020637
509,0.7426389151,-2.025249472,2.118673978,1.7373123579,1.221438921,-0.7163798151
510,1.833864278,-0.4456745533,-0.1404742453,1.8189859539,0.8998284476,1.5234333793
511,2.1836169312,0.8756355454,1.9774947961,3.0106777132,1.149114621,2.0132621343
512,-0.3376393666,1.8947688758,2.8127485453,0.5098497627,1.5484990714,1.6079827694
513,2.3799771092,1.0958516393,1.5173870824,-1.2741276877,0.3886656459,0.2671294843
514,1.2234557893,-1.0781305692,0.0120245229,0.4464453902,0.612685608,1.017224341
515,0.608203789,1.3735382303,1.7079827553,0.3767141345,-0.9341456326,-0.5972843754
516,0.4626349577,1.8518760772,1.0994479365,1.1827743664,2.2751050935,2.9088483983
517,-0.4472992454,-0.1884420237,-0.0269393158,0.6411513916,0.7809821483,1.6068434975
518,0.6008179725,0.5741313407,-0.3281338835,1.2314989782,0.6477308091,2.3327180103
519,0.7312613744,1.4072022389,-0.2687715302,0.6162712204,3.0766772004,0.8361118438
520,1.7492995606,-0.0071993091,0.7261499792,2.3506128761,1.8081999485,2.7169723688
521,0.6947293581,1.5424039419,1.7091995471,0.7374793009,0.4721715445,0.0544899064
522,-1.5322599444,1.2415037603,-0.5630425677,-1.0342086148,0.4085507202,0.9117257217
523,0.6791375887,1.1894502472,0.2560042017,0.0191223632,0.0963396077,0.4359634251
524,0.6595669813,-0.7088144474,2.08294958,1.8149808251,0.9454381403,0.6508542774
525,0.6334876779,1.4508827935,0.244019294,1.057546018,1.7034731474,0.5269757891
526,2.5377109977,0.6482953036,-0.8299418917,2.8626542911,0.3723519843,1.5896633006
527,1.6359798188,0.8109459325,1.3322760216,1.1769287883,1.8889703153,0.9941627227
528,1.000773383,0.3427857079,0.6002587999,1.8280353557,1.9583601409,2.1125391433
529,1.1519833805,,,1.7516105266,-0.0481944647,-0.1049153412
530,0.5042319904,0.8300892394,-0.1048480458,-0.3015910026,2.0773334705,-0.270335554
531,0.9166725548,-0.0963603481,0.5599754828,0.182797607,0.3117819232,1.4418971739
532,-0.6994071187,0.3435274943,2.7789684392,-0.3778365887,1.7109070117,-0.2831082921
533,0.7214508707,2.7709030332,-0.3314559981,1.1953445553,-0.0192160341,0.4417510693
534,1.4597616627,2.0514452114,0.8749623506,1.7914524678,0.0977189207,1.0320163771
535,1.7990759694,0.7774060742,-0.5132013537,2.1929532688,1.8354670864,0.7180569266
536,0.0306536542,-0.1312145043,-0.0763379959,4.3637092782,-0.5919119362,1.8974964122
537,0.9406060946,1.2427934851,1.9351050381,-0.2796775712,-0.0790761741,1.8687082228
538,1.0972523314,2.3433260005,1.4088467459,0.228833369,0.0118013123,-1.4447367395
539,1.5043062243,-0.2823397012,2.3992258508,0.5652350302,-1.7204355961,-0.0920684378
540,-0.2342692937,-0.0853980388,1.8679141264,0.7515859337,0.663929128,2.9043246059
541,0.2733210673,1.0227646157,-0.1170063345,-0.4239202529,-0.3697153258,-0.6389900448
542,1.3947171884,2.9361703488,1.3969822054,0.1078071423,0.6331267619,1.6308579806
543,0.8279205243,1.074990298,3.0344278634,-0.4129698852,0.117964351,1.0376337271
544,0.74568254,1.6127520469,3.3360138376,0.9661063313,0.9711842664,1.1482734159
545,0.6322026868,0.9956572432,-0.970565835,1.7367734669,2.6431854778,1.9782656802
546,2.9511725427,0.5268295219,1.584368928,0.476004355,-0.1743636105,0.3772102611
547,2.7947855008,0.5867925524,1.2252479971,1.0319629115,0.8377596031,1.3723531823
548,1.1386739114,2.1137061944,2.9683059013,1.4423585192,2.2891474549,2.2035720771
549,1.2369593297,0.6585304034,1.230607909,-0.0216300678,1.9928166294,1.3448636874
550,0.6386483885,0.1266841255,2.2756034808,-0.8747552579,-0.2532648933,0.0129662873
551,3.1486820245,1.3864636364,2.816085452,0.12597644,1.3352602957,1.1580947739
552,1.1338502248,1.9815004292,0.2544211507,0.5941864193,0.1928999786,2.1833489216
553,-0.1899376413,-0.6478824568,0.2132715297,0.226885076,1.8506895515,1.0849273893
554,0.4045377696,2.2356573776,2.0447918163,2.0582423211,0.142543323,-1.1259070477
555,1.2012209828,0.9675992151,-0.1857471073,1.2373035515,-1.1064607844,1.0309552427
556,-0.1441608046,1.8386754466,2.5818372341,0.0011367786,3.2210635967,1.9516026069
557,0.6325207612,3.3721310327,0.0473987554,2.5704540636,2.7482650899,1.4536567558
558,1.6001866563,-1.0542179537,0.2243179802,1.2035046109,2.3416748171,-2.3173452848
559,1.5273432131,0.9124473821,1.7103441625,2.531166901,1.4518775539,0.1853404726
560,0.5810119145,0.6497962322,1.6249904164,2.6496131886,-0.1754438544,1.7105182739
561,2.5242133966,0.0451356661,0.9846387982,-1.4175257955,0.4270753055,3.0724524338
562,1.814500397,1.7253857822,1.1987585392,0.7835226344,0.0148331677,1.8275878805
563,-0.8294387394,0.0323517019,0.4175659741,0.6550813316,2.0204895939,1.3078858491
564,1.8006871709,1.8500894868,1.1546576975,1.5976216995,0.1130277395,0.6391584183
565,2.8316846127,0.8763425666,2.0514587854,1.0234625405,2.1327641463,0.5271267185
566,0.9286010517,3.6663545857,1.3892955654,1.4334332736,0.6467442876,-0.0044872648
567,2.1649864434,0.5353481533,1.0055734261,0.7949569841,1.6103599892,2.4016859658
568,0.4451981988,0.6184731803,0.8233353671,1.1310692953,-0.1780241452,-0.2585383911
569,-0.5577534073,1.6020034691,0.2101641444,1.6201018405,2.0033347024,1.7520338867
570,3.1816321051,2.5535353632,1.3434113848,2.0370666535,1.2495202761,1.7518038166
571,0.6084978599,0.1604790234,1.4976894996,0.6460998384,-0.8539902003,-1.0235468554
572,1.3985005783,1.3265989305,-0.198903855,1.46659022,1.3758027953,1.7497936989
573,0.9620309156,0.0927319637,0.1470314545,0.7735452399,2.6654844652,1.462961717
574,0.7983137652,0.9301505528,1.9949990572,2.0738476919,0.157831564,2.2089695436
575,-2.4917108709,1.9245064111,0.5161752999,0.5066012119,0.2881345265,1.7171618716
576,-0.6860803586,3.8255856703,0.6866228168,1.0948702913,2.8367111582,-0.0559302879
577,0.3435133698,1.9505751608,-0.7595033967,0.9848095595,1.218631481,1.6588611171
578,-0.7614706754,1.7114822547,0.9866616155,1.9090879476,3.4143966216,2.2001087779
579,0.8426399514,0.8031100668,0.8262939513,0.1243859628,0.4533986971,0.2386997196
580,0.4042626164,-0.7031840229,1.5696635949,-0.7761892437,1.0608401744,1.6026164558
581,0.6952625385,0.9288655229,0.6246474685,1.5016317468,0.2638658791,0.2386594092
582,1.7085349942,1.928523869,1.8220525582,2.3109514961,1.5152475238,1.5762406987
583,1.8147676271,-0.5979429574,1.9387536366,0.8776464665,0.7972082639,0.8951847009
584,1.9286514021,1.5708043468,-0.1754392998,0.9082924381,0.7519259824,1.2244180149
585,1.379011419,0.1486569214,2.1054262289,1.6727604339,1.500504344,1.4653046305
586,-0.1537008371,1.2045075141,1.2832457762,0.8930874042,1.1488965373,1.2852229709
587,0.5185831302,1.8094670528,1.1294247759,1.4495544427,0.729413698,-0.6815886961
588,1.898873467,1.4052695493,-0.1951338552,-1.2977196221,1.7403523135,1.6987358803
589,0.4406773732,-0.4026931469,-0.4565036708,-1.0647241668,0.6553261432,0.525607167
590,0.0734387062,2.1475925935,0.1511277592,1.2249703172,1.6451677975,3.2217236713
591,0.6415414154,0.0114291998,2.4946564249,1.1428020227,0.5506524152,1.3594143073
592,0.5915382625,-0.5421218964,1.9630729852,0.3279261045,1.8745327654,1.1789846524
593,1.5749538567,0.1705060278,0.9906690058,1.1208752896,-1.1011207139,2.9233539428
594,-0.0560693153,0.414969867,0.5236365863,2.9142437592,-0.6428584095,0.1990219192
595,0.4548056897,2.3812269084,0.083074362,-0.8322114443,0.9357110902,2.8030782502
596,1.0590615496,-0.7423812995,2.1543191798,-0.0290955188,1.4157249075,1.246595682
597,2.0410620333,1.8267674464,1.7058910402,1.3716581386,0.969689047,0.6647081795
598,1.0236207445,-0.7016269652,1.7752955991,0.8804866757,1.5409823028,-0.8252442336
599,2.5537959658,0.184848829,-0.4586647436,0.8521104186,2.4602972275,1.6853291534
600,-0.1089924349,0.8931094331,2.273212622,0.3359828709,0.9916415157,0.3843169562
601,1.4866847458,0.5049275744,-0.061233723,0.6921299197,0.366932184,1.8576746188
602,0.9498842847,1.4441838511,0.8896341318,1.6984435919,0.9891709525,1.0380143104
603,1.7726749136,-0.1259105661,1.5394656517,0.4277528846,2.0424633318,1.1711016258
604,0.8024060446,1.8029521249,0.157788128,1.4772126146,2.9848614475,0.1686231891
605,1.5545823875,-0.2082119385,2.491373118,2.8245442991,0.6910333014,0.0889900882
606,-0.1717120526,1.5578174237,1.6048366607,-0.4729760358,1.9173091795,1.0492698999
607,3.1843042886,0.7860065332,2.096438568,0.778564252,0.8453243605,-0.336046708
608,0.4378274855,0.7871568339,3.4224673901,0.8260284614,3.0906857155,0.2928343612
609,0.9539361151,2.4705803587,1.2926564123,1.6889109716,0.0895884774,0.8910426233
610,1.1142988615,0.7746448791,4.1408019885,1.1596266864,1.5305888999,0.7787187171
611,0.7273440876,2.1453794056,0.9061706808,0.8023031001,1.0038301222,2.773875938
612,-0.1441294929,2.5149498599,2.6028948849,0.3272432583,0.3439542404,2.0637769125
613,0.7319023007,1.2902148426,2.045723842,1.1974544198,0.3313129702,
614,1.3105291608,3.169272385,0.3447312707,1.2091413451,0.5578987224,2.1039466011
615,-0.2674111521,2.1420271455,-0.3787704488,1.6916443867,0.6977545006,1.6128752118
616,1.4586924147,1.6686049023,0.6658190798,1.9060906005,1.1551960698,0.2367976806
617,0.7601815493,1.9255676311,0.4842511203,0.316611735,1.6463098293,1.6607078392
618,0.9834055005,0.325150743,1.8333241733,-0.5886640597,0.0895804489,-1.1702487385
619,1.769322985,-0.0149799048,2.7103370841,1.4618616267,-0.8683646674,1.0800257893
620,1.9887976452,1.6651282697,-0.4608948757,-1.2070214104,0.8136679566,0.2231057012
621,1.2505575454,1.9671243192,0.1677715019,-0.3253082765,1.3231439919,2.2633929341
622,2.5313628407,1.054653244,1.1714689827,0.6522542788,-0.4977338038,0.2185552931
623,-0.8826755445,1.316724501,1.1995879366,1.3720209229,0.5068394786,0.7367430946
624,0.6706421092,1.138797915,1.4877656463,0.8218264749,1.3778218595,2.0662258561
625,0.9113456441,0.3129386386,0.4131960432,-0.3351266204,-0.3200213676,1.3093736417
626,2.3525545163,0.9909183161,0.2290570819,-1.3304222702,1.0766466213,3.4258856081
627,-0.4408660883,2.1939668045,1.7836112191,0.7731391638,0.7211900265,1.4796529503
628,0.1652500805,0.62135947,-1.7595931541,0.5443487713,0.7275409985,0.183390652
629,0.9560338854,2.0279179925,1.8851297493,1.2757636303,0.1611901409,0.9530372434
630,0.8153396407,1.7812968104,1.8541923618,0.3324960295,1.9113463748,2.2241572326
631,2.2961600459,0.1652591657,0.3454082474,1.5050070831,1.7397728245,1.7356022892
632,0.6216756649,-0.090432795,2.6600785735,2.6594300607,-0.4046480216,0.8727961801
633,-0.9796917703,0.4351878129,2.0087648288,2.2727055926,2.1727364222,2.3834792755
634,1.7767711704,2.976596195,-0.0756974745,0.7857936525,2.7030859008,1.4657082324
635,1.6555833547,1.6830635866,-0.5212405195,3.4234013366,0.3340966856,0.413322775
636,0.3552096246,1.8782150702,1.5797395096,1.1659338845,1.9560573997,0.4272536478
637,1.7055337685,1.7242096613,-0.3042358444,0.4258040122,1.8907724718,0.4500672403
638,0.9771843182,-0.4246938604,0.6191318254,2.0224363835,1.1615453971,-0.3307434387
639,2.7313508033,0.9900281709,2.1562703643,-0.356562697,0.6316042718,1.090855204
640,0.4175185314,-0.3866973969,0.0229302564,0.4576162633,1.7530111272,0.3625937629
641,1.6030736887,0.4359101378,1.1854185842,0.7994386412,0.7156325085,-0.0602016795
642,0.6362449899,-0.0144876124,2.8362306832,0.4129746562,2.5395982261,0.3263714707
643,-0.1275291593,0.532924686,1.4130846269,2.7989733033,1.9909217234,1.0506596265
644,0.3695934003,1.331386052,0.4205007778,0.464395681,1.8534405989,-0.6042282411
645,1.9005050051,1.8239887772,1.363915676,0.487936227,0.8492419247,1.0788687017
646,-0.1384652224,0.6774666489,0.7658255152,1.7869686378,2.5919128126,0.2925465127
647,1.2086565343,1.6274120819,1.8416560731,1.8020063204,0.3194891079,0.75291463
648,2.8301679372,2.2256366175,3.1043397371,2.9487639708,0.477595849,-0.074504141
649,-0.1815511938,1.5639937994,2.0385455846,-0.0177725439,1.037282874,0.3320989369
650,0.3266418511,2.5305748845,2.3705632187,0.034584806,1.4108496213,1.5511141967
651,1.5564415105,2.3041034254,1.9140080203,1.2979049279,1.9781872508,1.1799584211
652,1.023999887,1.3909452201,2.3336259469,0.9502980986,3.2276990758,0.6993672448
653,0.8568253987,2.3129700126,-0.3744780384,-0.6453722442,2.5644023662,-0.1193355411
654,1.2524170357,1.7018867722,0.4381267415,0.4889106483,1.7553819988,1.92358894
655,0.7773534279,1.0367072277,2.5667030689,1.8629180736,-0.0554543324,1.8325055085
656,1.6382467171,0.8940563889,0.6862060576,0.2725746186,0.6366394181,-0.2361719843
657,1.9111907574,0.190162697,-0.9647688501,1.752012213,0.5984481479,-0.8207497311
658,0.0462523634,2.9310445558,-1.7570290428,2.5272146153,1.5004872717,1.2181962608
659,1.4443885379,0.3588145645,0.9486869167,0.4315459092,-0.3252108461,1.7191884072
660,1.4498593731,-1.6186191899,-0.3482978555,0.5781530218,0.8097319466,2.3464555181
661,-0.1458815141,2.1084564608,0.9092426426,-1.2204437482,0.7349291398,2.5858487408
662,0.5509536598,1.8281882754,0.4098363971,2.8785380145,0.1243340117,2.2014982978
663,1.2137903293,2.2413964748,-0.2021132742,0.3792337998,1.265514572,1.2521796344
664,1.9333559565,-2.740446632,0.9597653386,2.2798175386,0.2604723381,0.4637623211
665,1.7554287762,3.4884710908,0.5586969226,0.6648685734,0.0854398059,1.4379406061
666,1.3377464496,1.4906675724,-1.8125244728,-1.6516226382,1.8711100455,1.4290392079
667,-0.3535254837,1.3334846347,0.8503978713,0.2365703985,1.2782230434,2.0869098876
668,-0.1932006147,0.1061432775,1.2383093319,0.501765361,1.0553123763,-0.3153215953
669,0.0180958243,0.2090069186,1.1686398869,1.086328578,0.7109172646,0.8961452745
670,3.0075895018,0.9087875478,0.9938780157,0.4984776352,2.166630551,0.9302930184
671,2.7726400452,1.1944650108,1.2658287085,1.5259456816,3.4039398126,0.1837728839
672,1.0540478155,2.3573946823,2.7583374393,1.0140841338,0.9170601425,1.8118433549
673,1.4988022803,1.073422972,0.9425208298,-0.3481656424,-0.909397237,0.1559357279
674,1.2999820088,0.1261605002,0.8238005726,1.9073085927,1.3302351038,0.2136660151
675,1.9054266145,1.1876643691,-1.4011458983,1.4507217097,0.6063280496,2.3247533291
676,-0.9516250453,3.3715648889,-1.2088058965,1.1661660232,0.3638980304,0.5247755086
677,-0.9631851638,0.7748589572,-0.4216631334,0.3208077958,0.9508379218,1.551773538
678,1.6193163598,1.1718746424,-0.661622452,1.6491080451,-0.1213760218,0.1516113414
679,1.5581877362,0.1701746062,1.0006874903,0.5648779316,-0.2195902493,1.5399584563
680,2.2170815637,-0.4801681207,1.3694826647,1.4877167458,3.317886556,0.1521579447
681,0.4616245567,0.8329274346,0.2380569936,0.9710447784,0.9348706589,-0.4717606889
682,3.1491476251,0.8062522594,0.5886375675,2.1948639553,2.8893818713,1.715578764
683,0.4023589217,0.963327636,1.1184787721,2.1185599277,-0.0427293429,0.8624019971
684,2.2102861193,0.2571209133,3.7273471447,-0.6178787712,0.7784750297,0.3104905029
685,1.4946385379,2.6613269252,1.2200277205,1.2389736988,2.2384953883,2.1333526931
686,1.6212505642,0.4362731095,1.1832668975,1.3212636887,0.4115032001,0.6642610662
687,1.3325735968,2.4238248339,2.4962215947,3.010161086,1.2727945566,2.4233450828
688,1.2482283199,1.9452148798,0.6756960501,2.1820588751,0.9093551294,1.2258687109
689,2.6516096613,1.2869985278,0.2337527736,1.9080771674,0.2692465809,0.5859012413
690,0.6176171978,1.1873685608,0.2246711537,0.8536774179,0.6443817685,1.1747029013
691,0.7169714551,0.7523891105,0.1881027475,-0.4350569631,0.4451109877,1.46712141
692,1.4229717008,1.0994909283,1.848612764,2.8916889155,0.1897838814,-0.9426123556
693,-0.9343289477,0.205733965,2.685998727,0.8207344109,0.0147868739,1.355988361
694,-0.2221161489,2.3992415796,0.8827908625,0.9153637325,1.1346682913,0.9166918649
695,2.6944394352,0.1534401379,0.6913246581,-0.6797346468,0.1916499325,2.6347154841
696,1.394285771,1.7664337988,0.5722307421,-0.2059918415,0.6967710954,0.3108376795
697,2.5644101793,1.8316137271,0.5668974983,0.1175512905,1.899555541,1.5354241365
698,1.8382892369,0.788968228,-0.1677815207,0.3089719859,1.5242324014,1.2227460786
699,2.7638918217,2.2698171293,1.6425561298,0.53416378,2.7813165601,1.2366656986
700,-0.6300702063,3.7866230748,0.9220257504,-0.6921523968,2.079561171,1.0512734364
701,1.7208888113,0.8080766402,1.4353299974,2.1673601271,0.8977146303,0.6357473915
702,1.5537636948,0.8703441472,0.9512334589,1.8959504368,1.8066875403,0.1440221887
703,3.2850775137,1.8662111105,1.5067258001,1.3731486141,1.3192715765,1.5260019817
704,1.1012987643,1.3157385339,2.386362291,2.9501787714,0.6142589837,0.9203931165
705,2.36268795,1.6226563555,0.1306325346,-1.311824288,1.6981812275,0.5346702998
706,0.639013861,-0.7890578434,-0.535539874,0.4733821291,-0.5424406248,1.3868392622
707,0.6599964817,-0.2776883166,1.3587071828,0.4240998995,2.2316402065,-0.9596342867
708,1.1926251041,1.2968946911,0.5997006398,0.674676468,1.0745643492,1.3498863878
709,0.7374554815,-0.7674543893,2.1712958597,1.9826214762,0.6443401074,0.9249201508
710,0.6013543665,0.6548573723,1.4599615694,0.5470427082,-1.0764613953,-0.1117471492
711,1.7870810716,-0.0294823907,1.0170364819,0.7492408913,1.0149613683,0.2640628453
712,1.1672904584,-0.578088571,0.4244023727,1.0927572328,0.5889373496,-0.298985244
713,1.6244378355,1.4603420782,0.1439393141,2.4875385757,1.4687455923,1.4067516987
714,0.5288776154,0.475281679,0.3086104488,0.9488397385,2.9696665912,0.4783208402
715,0.0473216887,0.8768642734,0.1313534522,0.2877688457,0.7242499355,1.7154198002
716,0.2123923806,1.2630275562,1.6227931025,2.3668742167,2.0230678709,2.1190326554
717,1.5349851737,1.535365002,3.162130024,2.1559266977,0.4342009941,1.2114171852
718,1.241611626,2.5872899444,0.7199030339,1.2779715962,1.6266498519,0.5484488307
719,0.4164247064,1.2763087417,0.6522785316,0.0721509782,2.0081101826,0.501284335
720,0.6457542081,2.8059712767,2.4951466689,1.961143084,2.3646734148,0.7318508458
721,1.0662771597,1.0491398922,1.0258307854,0.737286065,0.4136037407,1.2900856419
722,1.3477550905,1.0110385489,1.3563762715,-0.0884623431,0.5280442447,1.3352431883
723,0.8739286274,0.7112468425,0.284630651,0.2186831317,0.8449350222,0.873510457
724,1.5672107136,0.1555953655,-0.4270003004,0.8585180081,2.0736973642,0.0534689404
725,2.4939887373,2.5757059865,-0.309526472,1.9182522378,0.4527354351,0.7350559523
726,1.4653582976,2.1875180167,0.923763818,0.1808986059,1.2631229936,0.7382589009
727,-0.5149739001,1.5050489475,0.5904022257,2.2386610735,1.3315539073,0.649919155
728,0.1784510618,-0.6116091649,0.4844727952,2.5393287209,2.0768560837,0.8184828137
729,-0.1680190787,1.6859843444,-0.6486201212,1.6089668886,0.2300098738,0.5031760746
730,1.9105368182,0.0872248519,0.4768820965,-0.2944625345,0.9036341715,1.4818956975
731,0.4192955506,2.0556544022,-0.4129109166,0.9347404316,2.3777490088,1.9205497731
732,-1.6129935305,0.633360722,2.0756654878,-0.4019990719,0.4993128555,1.003733196
733,1.2341829793,2.0061672647,2.4393321029,0.9110448348,-0.460424393,0.1687131176
734,1.2847607304,1.236626363,1.3265917428,2.7055403729,1.2271016245,2.0278388198
735,0.0708000643,1.4606462611,1.2107157832,0.5263837059,-0.0761625216,1.9050392457
736,1.4218085851,3.0498306161,-0.2235023128,0.0621758844,0.2751358993,-0.3659916284
737,0.9559734605,1.9729785246,0.2946790443,0.7470367416,2.3681820227,0.1328277562
738,0.8272348357,0.5968156669,0.2528604894,0.6615392009,1.10044499,0.3647265223
739,2.0862334512,-0.275837801,1.3026505206,1.6907320716,0.1710168046,-0.1770333118
740,0.9633160505,1.5029708709,1.5468466812,0.7087554949,0.7722244491,1.8118722067
741,0.2046766202,3.3581689416,0.6689796276,1.1241652198,1.7246922197,1.8796814066
742,4.4996746839,0.3319362464,-1.7472318611,-0.1625260737,0.1118310566,-0.6063607247
743,2.3535176399,2.043436895,1.703946442,0.3518562861,0.2186370833,-0.0913846498
744,2.1496115067,2.4055588634,0.5756204155,2.0692347817,0.659601186,1.0875734101
745,2.4805495089,0.2824284098,1.6294116097,-0.5062873441,1.540250122,2.6081644267
746,1.4169294032,-0.2508698925,0.0784262141,2.5888781055,1.1950056878,1.415492274
747,0.8492620353,-0.8254466059,0.7445928934,-0.7426431817,1.8987318212,-0.2394006514
748,2.6752583024,0.7387671144,1.2779586829,0.6027014335,1.714289958,1.6626806476
749,0.7586554606,1.7265591747,1.0124023425,0.9488002458,0.7042906309,0.1107976769
750,1.1399492697,0.3290865919,0.933201726,-0.2168216421,1.4976922457,-0.0540836376
751,4.3358871049,1.7306346949,1.2340466897,1.3785495391,-0.4037385047,0.9681698523
752,-0.0078252465,1.8361283792,0.3428065099,0.234338484,0.5259015938,1.3826814892
753,1.3137442225,-0.0494151284,0.1103224854,1.7949757947,2.6762111321,0.3171707108
754,1.5576343295,-1.3078172735,2.0954265814,1.5772802692,0.7024047699,0.1283863095
755,-0.4000344778,-0.0009022243,1.0169292303,0.2483939749,0.3707264896,1.4493602277
756,0.749713464,-1.2237405388,1.3943769224,-0.074069845,0.7302677964,1.9426103332
757,0.2142303629,1.4772891159,1.851134876,0.8978832643,-0.0683312364,-0.8462354643
758,2.0828411848,1.3922595675,0.6604156895,1.6927261727,1.0205205445,-0.1929049731
759,0.3640802673,1.5060532389,0.3544655951,0.4475744118,-0.7869267231,1.0813802935
760,0.7648163352,0.9839579631,1.0629751503,0.437743398,1.15400219,1.1714478922
761,1.1520582467,1.1538868451,-1.4746099835,0.9035364101,1.414308266,-0.177637741
762,2.8668768405,1.5880930279,1.7202915059,2.428733506,0.4939846346,0.9808989452
763,0.4067344807,-0.4026621779,0.1949510626,1.3986812564,1.6593105358,1.0162765555
764,1.1361528792,1.3003033373,1.5233508049,0.5298388808,0.0814736,0.4425327966
765,0.9725863094,-1.379625695,1.3213027721,0.4292990959,3.367198522,-0.0074274054
766,2.1075988042,-0.2151803834,1.0901698603,1.6325879848,3.5302426861,-0.4570602858
767,0.4474647812,0.7755888895,0.0733736033,2.5565864831,2.4857395538,1.0338862539
768,-0.5790847244,0.5709399617,1.4629743577,-0.4542055298,2.1012017837,1.1714181663
769,2.0785942348,0.0742441387,0.6425357176,2.2819183559,1.4758997275,-0.9783201326
770,1.5210940832,-0.748998596,1.0546484085,0.1904837135,1.7924776919,1.1751236329
771,0.9170518952,1.805331878,1.1476211239,0.7082087838,1.3207158059,0.4515673895
772,1.747789671,1.9258137101,0.4955301879,1.0701716137,1.2667253304,2.6220361527
773,2.2939610209,1.7205989088,-1.3031529018,2.917795313,3.8033496333,1.8956243085
774,0.6941066661,2.0095158549,1.5429001004,2.1176219629,1.7954093856,-0.0271645904
775,0.7111102864,2.467202704,-0.6986851217,2.056953136,1.3274396067,0.7713909263
776,1.2494047947,1.0744856881,ERR,-1.5656268151,0.985618473,1.0913620302
777,1.9943483141,1.2560711782,0.2346882275,0.6281925839,0.4057645848,1.8771419175
778,-1.0728808989,0.3061017738,1.4608216341,1.1877496598,0.0206559686,-0.2818565255
779,2.0751788309,1.7769336585,1.4015887694,0.2655581255,0.2727823777,1.1396445872
780,1.5223466883,1.8692091699,-0.5832936117,-1.1307164115,-0.4482388364,1.2674103574
781,1.7330701403,1.3332807815,1.3430229665,0.3496209681,1.292080445,2.053068511
782,1.3442924376,0.9066433557,1.6603091499,3.6516910098,1.2312626126,2.1938403034
783,2.7854517488,-0.6969309258,-0.0465006975,-0.8140818427,-0.3098314783,1.2569795348
784,1.569971975,-0.3617928514,1.2427339911,0.3242223517,0.8622950772,0.5705749661
785,0.0352680115,1.33594563,0.3868923233,3.1367283893,1.3820143071,1.7504039812
786,0.2610097785,-0.8911072042,0.2907114037,1.8979980057,-0.503389166,0.6869713048
787,1.5824464736,-1.0623250842,1.756875102,0.5117473802,1.4053948558,2.0650386014
788,2.077105519,0.1368970621,0.7451320648,1.2548799281,0.8569945377,0.8806664242
789,0.1670233311,-0.1803185492,2.0919794145,0.9185220537,0.8817793253,-0.8925905384
790,1.7048499448,-0.0993975375,0.198727875,0.8211156455,1.4795875813,-1.0430477641
791,2.1852109124,1.9067026646,-0.0933967783,0.0298553749,0.6067452214,2.9344248976
792,2.2610520708,2.1432500238,-0.8147870418,0.5797118952,1.9710916491,-0.1581767066
793,0.077106284,0.8150837589,0.6167872812,-0.6294791471,-0.8120664357,-0.2559324635
794,1.36017557,0.8298937115,2.2493499394,0.0558057505,1.5635342296,-0.1743721715
795,0.6634721488,0.9127863651,0.4707526782,0.3346666162,1.7222262731,0.5731999208
796,0.7061043051,-0.3675054094,0.425738294,0.6374550859,1.920936535,1.8124204834
797,-0.1589198978,1.1462528457,0.6056310943,3.1809728294,1.2717379836,1.2947319498
798,0.499974947,1.6107016547,0.563751594,1.6011224334,1.1801578262,0.0268095984
799,2.0531658787,2.306109454,0.3246276791,1.866312998,-0.0599996151,1.0779548525
800,1.3907666072,2.2944264882,2.1299723453,2.3211954991,0.2948249676,0.3403019514
801,-1.8646704933,-0.2492330613,1.374560925,1.7120118903,0.9333417699,0.8426037204
802,0.6923372433,-0.0932604102,0.4292073865,1.3801724064,1.8534281589,2.4029354481
803,-0.2201043098,0.4899232104,0.7359520478,1.8140491849,2.7537078884,0.7322572545
804,0.3718633614,1.4838130665,2.1577208603,1.2622018872,1.6979124512,0.8322597073
805,1.4292475198,1.3406298454,0.683477721,-1.0281991936,0.749450726,0.7175283113
806,0.7846769047,2.3481318616,2.1732442233,2.4883057568,2.0335898935,0.6824266005
807,1.6748049014,0.7122016074,0.1380970379,4.1695197848,-0.2155471546,1.7812138593
808,0.8741869227,1.4113743517,2.0197494084,1.0599817856,1.0016436865,1.7618564495
809,-0.0723850624,0.243482824,0.1658526223,0.5037814352,0.377592812,1.6287369363
810,0.1887295408,1.3008082122,0.4128639948,0.3921393872,1.6067177905,0.5945482789
811,1.2156210725,0.792241098,1.5679374588,1.1656692146,0.908819812,-1.0048633667
812,0.59471423,1.953550036,2.0524024008,2.0010094562,-0.1042675499,1.0464544825
813,1.3691449892,2.1669877955,1.8523237926,0.0229920508,3.9272270751,0.5201882184
814,1.8503901771,1.9951418846,0.6620305118,0.7779228441,0.9294556088,-0.7200324596
815,-0.7643086826,-0.922402554,2.4398299484,1.4226280817,0.18801314,2.0448173014
816,-0.2342847668,2.0864081502,0.8573061954,1.4291379109,1.0835356891,1.4269558239
817,0.1926816521,2.0938869744,1.2353812238,0.2631179126,1.0992061868,-0.119728041
818,1.8388848164,0.9726910218,1.7662341705,1.0820444462,1.2288645138,-0.3800533036
819,3.350770832,-0.2058270293,0.7062918584,2.9206787235,-0.2715483246,-0.2628775733
820,1.3910754148,1.466058066,-0.0166125931,0.6663860506,1.6486353054,-0.5566542326
821,2.6683403414,0.1132170554,2.5430868546,2.3836152913,1.6567956967,0.6813125336
822,-1.0592143914,-1.0928537742,1.8916635738,-0.1370662213,0.8782391414,2.5582371594
823,-1.0476262583,0.7866350655,0.2624327633,1.7153329633,1.0358740748,1.410346802
824,0.1252411753,0.1989394139,1.6486873974,0.9569364587,-0.119716177,0.0277676374
825,1.8257150323,2.0070039427,0.9800565912,2.0135196994,-0.0884624068,-0.0860017668
826,1.7696862074,1.3976570785,0.9360120127,2.3205584334,2.6217702723,1.7333210244
827,1.8552175711,0.8275473098,1.4274040788,1.7610354849,2.171762122,2.5625999719
828,1.1251744825,2.9722327234,0.2224257795,1.0373019112,0.551719366,2.0544635821
829,0.5890748854,1.6550447945,0.6189704089,0.3797456785,0.3197503569,0.0200129838
830,2.176473449,-0.2214198329,0.855431997,1.7031023861,-0.097740663,0.5375486964
831,0.1612810842,0.857506941,1.7351277319,1.448444238,1.2183024357,-0.5453298217
832,2.4267354733,0.1149573145,0.9538513336,0.5186636217,0.6706659872,2.2445654802
833,2.0669025337,1.1205855236,1.4769578175,2.0701335895,0.4767207745,0.48207775
834,0.2504542326,0.1835654914,0.1208580203,1.5244915505,-1.4969508741,-2.0268365969
835,1.4420344378,0.932749098,1.2599181811,1.1556818731,1.1441353699,-0.1289532371
836,1.4461422278,2.1297226758,0.8248571667,0.5301896135,1.1975081094,1.7025237362
837,0.5769272309,0.6906289453,2.461414361,0.8391823647,0.8529656002,1.4084167693
838,1.8236541412,0.5889694965,1.4419226478,2.8218228592,1.5962968384,-0.2105637198
839,1.022229496,-0.0518355596,-1.0324201581,0.7318057012,1.7939579556,0.5973153558
840,0.8999155818,1.0422639681,0.6489274486,1.5385676621,1.2984825302,0.3992676276
841,0.3762189619,-1.1578406734,1.7826548026,0.6647802469,0.2406065947,1.8806791407
842,0.1178597973,0.8651674416,1.5037050125,0.0561924431,0.1690486244,0.3147547325
843,-0.2001327719,1.4978834281,1.422381631,1.7651713563,2.1820661821,0.9864882482
844,0.7649434511,1.3570183146,-0.4142398872,0.7301054681,1.372455931,1.5428668508
845,1.871617351,0.8620974094,2.0349830942,1.5061936352,0.9065791368,1.7449504676
846,2.1267627342,1.9507896981,-0.0192676159,1.5220605439,-0.1047037879,0.9134657436
847,1.7937363858,0.5233922769,1.6870157512,3.4000872725,1.8845724508,-0.4542261821
848,1.4648439504,0.1902362382,0.7692494239,-0.3494200832,-0.1465051642,2.0603609363
849,1.8085583403,0.7893745524,-0.2716557139,1.0007689385,-1.1795536385,3.0283640104
850,1.4793588564,2.7040232868,-0.5155492596,0.2850048341,0.9044905422,0.7155994508
851,0.6251433128,0.4171831799,0.929286474,1.0180946239,-1.3703313856,2.1933905792
852,1.4682201658,0.9285184602,0.1729247184,-2.4887751261,1.0247409284,-0.3279331714
853,1.2403260909,0.2095072948,0.7022375804,0.724051229,1.1368375446,-0.3465563877
854,-1.4240321772,0.0603290788,0.3976526861,1.322494074,0.9236535657,-1.0643021845
855,0.8889288631,0.5334113208,-0.9029699299,0.7450547363,1.6057751529,0.3436322668
856,-0.9183508712,0.9378585216,2.5184734624,0.7799901377,0.4119599369,1.1468082129
857,1.3453956104,1.9342207344,0.9575504811,0.0732455191,-1.2152860514,0.0906941858
858,1.5260171699,1.0100389962,1.2235106663,1.0839930393,1.5533984052,2.040658899
859,0.6609364826,1.1287855988,1.5872042162,0.025535016,-0.1632890953,1.7476808905
860,1.2097981191,-0.2104548872,1.8124586074,1.5255050092,-0.1483171306,0.1348243113
861,1.219484921,0.8296132301,1.5894872901,1.2530202386,1.8846612555,1.8396292623
862,1.1325230385,0.244412113,0.6863728649,2.1406908675,0.888772173,0.7370650693
863,2.348826992,-0.854897292,2.9605636241,1.5763730785,2.2376413107,0.3138925635
864,1.2364741374,2.0626993736,-0.3426532665,1.3019476232,0.2092039684,2.3952055425
865,0.5392749605,1.5218677028,2.0208831545,0.2702705904,0.4814274165,-1.0646429999
866,1.8530101951,1.0742682548,2.116491828,3.6590748055,2.4498772228,1.1629129909
867,0.1940331716,-0.3332841367,0.3409648621,0.7294687036,1.794325912,0.8387317564
868,1.6111679061,0.4551147034,1.8705505809,0.9491609402,0.9950720348,-0.0144453868
869,1.6591291974,2.0560171743,1.4133682696,-0.1425762406,2.1139604011,0.5397442017
870,1.4752242716,1.2849784636,-0.9801789362,3.1695474547,1.6809752231,1.3500905972
871,1.7681453031,2.5567964166,1.1501833148,0.3745920302,3.437659221,0.9445708934
872,1.0877633564,2.1744419085,1.7908387041,-1.1049478242,3.237455158,-1.0220658351
873,2.6305116054,0.720759571,1.9169562062,-0.4016097015,2.2642356102,0.8827349782
874,-1.4214993886,2.1315942505,-0.7177987193,1.4318630141,2.4639019013,1.6273225102
875,1.1254396106,-0.4633878851,0.9605688455,1.3302369682,0.063681996,1.8399256211
876,1.5871409578,1.7653617958,2.9753781818,0.8172742653,0.7165077093,-0.441723255
877,2.4930421249,-0.4175532335,1.0088867831,1.8567766955,1.5092112762,1.2541471121
878,1.0544665325,-0.8649737029,-1.9536369235,0.2554317593,2.9899929364,1.3427548425
879,0.8820004531,1.5132631822,-0.3825501688,2.6746223771,0.8817659517,1.9333956432
880,0.878048993,1.4625926525,-0.3335139025,0.0014632445,0.2787501662,0.5378100089
881,1.2899125105,0.7980688683,-0.469060735,0.5152478257,0.259675421,1.6922096767
882,0.9613958754,1.3570392596,0.3772315533,-0.1713852234,0.68339482,2.1987487113
883,0.7484696938,0.3834658427,1.628194671,0.9192434205,1.1309462519,1.0634307485
884,1.84217416,0.5528475088,0.6871024473,1.6271534987,0.4975437231,1.2315694259
885,0.3517471963,1.8667202254,1.0714554985,4.4186365669,-0.3327646723,0.3516423362
886,0.1397529149,-0.592414438,1.2244205753,0.1385385344,0.8777462575,0.3291802031
887,1.3387153928,-1.4299765343,1.5018321247,1.2048848685,0.2044634297,-0.0549059875
888,2.298984876,1.8387639291,2.6371655726,0.7432519471,0.6007678355,1.1018009898
889,-0.8283704743,2.0133438456,1.3420366266,1.2289171751,0.704215372,0.4847449248
890,0.6264310145,0.0058936527,1.4458041427,0.4844320944,-0.1552030041,1.7191540889
891,1.5768408377,1.1069935298,0.0575152684,-0.1133597273,0.2865230966,0.4780539909
892,0.59446065,1.3351277544,-1.3353797603,1.9349159436,0.8517613283,1.2791146342
893,0.6389772472,1.5611191678,2.0368154775,0.2389952868,2.0967789839,0.6524292385
894,0.8173029689,0.2730223878,0.6280563279,1.0179338781,0.2519170774,0.3200584192
895,1.9843380854,1.6904068622,0.1445008728,1.2545884351,1.5421304546,-1.2854807235
896,0.0594317106,0.3379834745,1.2930259814,2.2046061902,-0.869233105,0.7209499997
897,-0.4674047747,0.1715662547,0.1409423892,0.8350967988,1.0223738198,1.273734987
898,0.6752808188,1.6852722657,-0.3810653582,0.2100310471,-0.6442888323,0.9209105737
899,0.7157522743,-0.0491549892,1.3886106288,-0.4855104713,1.9623427153,1.3333761568
900,1.330171886,1.0298794795,0.4611832378,0.8770696791,1.6441919933,2.5546801357
901,0.721269552,1.1747834602,1.6826332039,0.9426711661,1.5803057822,-0.6616328852
902,2.1766531098,0.8511861454,0.7741140472,0.1105185963,2.5850522327,0.4006300423
903,1.5951391049,1.2206629638,0.9557695284,2.3837928626,3.5652133609,0.9107377242
904,0.380393467,0.8379218889,0.9014449996,1.345325513,1.1965638455,-0.0110968106
905,0.0202775163,-1.9051481857,-0.2122484436,3.2154842606,1.6502327182,0.2785689226
906,2.7668462171,1.0573263954,3.4377097297,2.0930898129,1.3925466374,1.9098076986
907,2.1203426604,1.3958299329,-0.3973357675,1.3000932589,-0.2485671513,1.1493628993
908,2.0148402716,1.5485935043,-0.089163011,0.0232808492,1.390882239,1.0665593261
909,0.6036505898,0.5023016065,-1.0547116078,2.3283459986,1.3099751737,1.5437968113
910,2.2627303051,0.0153177243,0.5572803357,-0.5061000292,3.0005941272,0.4682087357
911,0.449981425,-0.0528481136,1.3372828438,1.7021558378,0.2906606884,0.5061295787
912,1.456002944,0.2829472187,0.7753140753,-0.1191405252,0.8880396827,0.1545468711
913,1.9643382924,3.1776532372,0.9303490191,1.004509915,1.2858182201,2.8317140574
914,1.4468100796,2.5192072634,4.0354857597,1.965011359,1.9439404224,2.3471686636
915,1.2440311035,0.9814116802,1.4530949111,1.6601612518,2.2005743986,0.8895750868
916,0.5258491123,-0.2253497851,1.6890296286,1.6959978547,-0.5317546481,0.3191444877
917,-1.9117910066,2.3010759537,0.5197215275,0.0557079525,1.7298158719,1.8421825378
918,2.355569595,0.9439050334,0.8525294801,0.968746918,2.3314419375,2.9159446064
919,1.4625330718,0.7532855117,-0.4079124788,1.783686165,0.5304589161,0.7754089304
920,2.5332358289,3.7559605154,1.9900031409,1.8403403531,2.4340304259,0.9319519844
921,2.3525602494,1.5489896029,0.6290915755,1.4369408272,3.0111657992,1.9300097661
922,1.1294216173,-0.1217261421,0.7245460772,0.8332097995,0.964456917,-0.5606289819
923,1.6881220194,0.2868624704,NA,0.7986083732,1.0650060112,0.5817212653
924,1.2331933561,1.73736741,1.2075185382,0.5600569255,1.0551030417,2.0383079802
925,1.6581501991,0.4303813867,2.1152366809,0.2425047665,2.1442408076,2.0840251207
926,1.1348709028,0.1057017282,1.8535250014,-0.5191630574,1.8094126351,1.549554382
927,2.8185524545,0.6372994069,0.9691908351,0.0233300133,0.1340601204,1.8227592542
928,1.0009343235,2.3870314008,1.4863262581,-1.9182272391,0.8567056639,1.6714694186
929,-0.6616674536,0.5393794112,-0.0230541782,1.5734294935,-0.1235422239,0.7938868699
930,0.3929607623,1.464237333,1.5112281471,0.8139194248,0.8700597366,1.3938993208
931,0.1953703559,0.8816319983,0.5298281615,1.9253381922,-0.1406072604,1.584578549
932,-1.9237140106,1.9769933349,-0.3054350596,0.7316288507,0.954097401,0.7153971382
933,-0.9425353269,0.9256862213,0.7709376941,1.5100198113,2.2042646282,1.1552683215
934,2.0399820652,-0.3461337111,0.7496424778,0.3691073741,1.4577571436,1.8923942982
935,0.7206488618,1.3149031456,2.384996879,1.2494644813,0.6995003104,-0.9621039264
936,0.9994646544,0.0237108453,0.0252735843,1.4212075706,2.9215514997,1.2825546545
937,1.1232524582,0.9600822814,-0.108757166,0.9130294399,2.3568037252,0.5753111538
938,0.6750914606,4.1443433853,2.777458677,0.9258140109,1.13354304,0.8919587973
939,0.0896761213,1.8812744875,-0.0150375692,1.9052750981,1.0327034771,0.7618840893
940,,,,,,
941,0.3455055203,1.6175154958,1.2553917762,2.0855125969,1.5617348644,2.1265052743
942,1.9651482148,0.5447237894,-0.3401122514,0.4767272114,1.2887003065,1.4875099497
943,1.4959078807,0.5030354876,0.5665884574,1.4740997181,0.0428779766,2.5171039074
944,1.3057991426,0.7579323887,1.4051653896,1.5247955176,1.2401015414,2.1079574778
945,1.6147434296,1.4113060996,0.6919985668,0.5398524656,2.203150148,1.0118594125
946,-0.3949665558,0.2827100519,-0.2813828936,1.983122327,1.9353806236,-0.7351880511
947,0.2695732698,1.8306962732,1.5230112159,2.1792096148,0.5948121796,-2.0062955024
948,0.0660208293,0.490240653,2.6537218819,-0.0269298247,1.471935906,0.597113137
949,-0.3879983686,1.6781864242,0.4047909217,0.7614437627,2.1481702854,1.6307092925
950,1.7720747616,-1.689543526,-0.5164169053,-1.5541502569,1.1167948035,0.3786983463
951,1.8480014258,0.035960999,0.8174944098,0.3696534159,1.0305457204,-0.3264468439
952,1.0937100975,1.9337448622,2.6403195906,0.1866754268,-0.1419616282,3.1241951636
953,1.2032506126,1.1791680747,-0.379409038,-0.3169815512,2.0421147669,2.6325788718
954,-0.4230769238,0.013447187,2.1306908235,1.3700822414,-2.1434680573,0.7194714454
955,0.7868403361,2.0119560746,1.2872553943,0.5256402212,1.8470391956,0.5418487115
956,1.3247435636,0.0066182613,1.5102099182,1.9079548842,1.1392020502,1.0114930589
957,1.5610346854,0.3393275562,-0.5443541142,1.7304468747,0.8213679264,1.0756040914
958,2.1498607842,2.1028289626,2.4840067221,0.7790329938,0.1577796042,1.1571790479
959,-0.3755426119,0.6755697153,1.9153361413,-0.4590269776,3.0565842945,0.7414465911
960,0.9509234866,-0.8573785057,1.6136426338,0.5274602144,0.0317828308,0.4243602774
961,1.0558294017,1.1220372446,0.9865563442,-0.3629420485,-1.498414508,1.5116358275
962,-1.0317350085,-0.1176181952,1.9453998602,0.3902988061,2.8073892305,0.7028758888
963,0.6128335663,-0.6309346136,0.2978764656,1.8527137571,1.9021459943,-1.1435286345
964,1.6757166903,0.2276000048,2.0236181021,1.3618318865,1.5811011961,-1.595092537
965,0.2529384308,1.8882287546,0.5621147274,0.6618438281,1.3528788671,0.5779389908
966,1.3146717754,2.1795703468,3.3171874111,-0.6691677029,1.5186536676,1.4421043661
967,0.1787740183,2.5208435512,0.066502232,0.9422786014,0.4066720281,1.5861094726
968,0.6760506891,1.6645873059,-1.2137392962,2.5329794006,0.625904189,-0.2573836923
969,0.0333096982,0.8342202156,1.8479046827,-0.4459697759,0.4008111345,1.3856726378
970,1.1984637387,1.20256956,0.5102069203,-0.9282353782,1.1982534524,0.1058394022
971,1.2866443605,0.1399794631,1.386743776,0.9925754135,-1.1624544615,2.0784433657
972,0.1790321899,0.4263588386,0.8557688131,2.8334992774,0.3609221643,0.6723534467
973,1.654133282,0.6928926187,-0.2898046828,2.0455936078,3.5868112346,1.1658291808
974,1.3956253589,1.9398383173,1.9615457459,1.2382683845,2.7109117165,2.1956247302
975,3.736663479,0.9312498587,1.344077699,0.0543436843,1.1456757869,3.15794823
976,-0.028071533,2.0960329623,2.2724831465,1.3464653559,-0.6797976915,-0.9410890092
977,-0.2407092444,0.6627580023,-0.4148587512,0.6238241747,1.5700381063,-0.7252936943
978,0.4894020875,1.2865357924,0.4677892205,2.4347018609,1.0761192772,-0.0650875938
979,0.7503845442,-0.0266013444,0.5401663312,1.5692792843,1.7968739948,2.2970425441
980,2.295575598,2.488562899,0.6706955366,1.4459575522,1.2493105381,1.0568518643
981,2.9934838424,2.5372761515,0.4124335462,0.4448870283,0.9980686862,0.0852990229
982,0.7410238548,0.9678469378,0.3474775028,1.5526448908,0.7914907213,0.5418319869
983,0.3305789072,0.4572047754,1.7249851397,1.0117448842,1.1354176834,1.894601283
984,2.9923559243,0.6482344007,2.7868564399,1.1823428233,2.2953374303,1.5521093076
985,-0.1784632184,0.2862358747,-1.2332575011,0.7499186233,0.4274932829,-0.1577514351
986,2.1522554239,1.1502985968,1.3975086267,0.9057139226,0.7755026976,2.3459614824
987,2.6954472875,0.6315719391,2.9136866496,0.2904819162,2.5291798122,-0.0631081104
988,1.0966816526,1.328454186,0.3470006273,1.3190947421,1.4543136442,2.5042430387
989,0.4380923719,2.0923292293,1.0081412493,1.7829365078,0.8023362434,1.928570552
990,1.233046742,2.5934856094,0.95533152,0.8337849745,1.0420888362,1.8721407966
991,0.2192273563,1.5914648363,-0.0223511481,0.8273185857,2.8099876321,1.1973033251
992,0.6414422333,1.1955529841,2.004340546,2.0374067504,-1.0935209311,0.1380938868
993,-1.4280232221,1.0611525789,0.922269161,1.3757857377,0.9575215959,2.4989439754
994,1.9317822232,1.4348242111,0.3134721198,-0.9281081244,2.4049019516,1.4606353383
995,1.6540699357,0.9345484909,3.4235981776,1.4044171485,1.9170269007,3.8011123983
996,-0.2110300711,1.595759425,0.3003014515,1.7809631252,1.3557552821,0.6943989803
997,1.6358758084,2.2928845998,1.8631039275,1.7799975301,-0.4787017446,3.2410376368
998,0.0782166502,-0.0355234284,2.0642290598,-0.1509436075,-0.770903163,1.6494384392
999,0.5767627534,-0.0966905337,-0.0758781602,0.3513826847,1.4673116412,0.7194139701
1000,1.4369912872,2.6764424662,0.5871044363,1.5550938982,0.9002360588,0.9294106567
